URL,Version,Status,OIDs,Name,Title,Descriptino,Uses,Used,Sources
http://dvmd.de/fhir/ValueSet/kdl,2025,active,"1.2.276.0.76.11.469",ValueSetKDL,ValueSet Klinische Dokumentenklassen-Liste (Version 2025),"ValueSets sind Listen von Codes, die in einem bestimmten Kontext verwendet werden. Durch sog. &quot;Terminology-Binding&quot; können Attribute von FHIR-Ressourcen an ValueSets gebunden werden, um die Menge der zulässigen Werte für dieses Attribut einzuschränken.  Dieses ValueSet enthält sämtliche Codes aus dem CodeSystem &quot;KDL&quot; und ist für Bindings an Attribute geeignet, an denen alle Werte aus dem CodeSystem &quot;KDL&quot; erlaubt werden sollen.  Beispiel: DocumentReference.type","StructureDefinition/ISiKDokumentenMetadaten","dvmd.kdl.r4"
http://example.org/fhir/ValueSet/TestValueSet,0.1.0,active,,TestValueSet,,"",,
http://fhir.de/ValueSet/AbrechnungsDiagnoseProzedur,1.5.4,active,,AbrechnungsDiagnoseProzedur,AbrechnungsDiagnoseProzedur ValueSet,"Rolle von Diagnosen und Prozeduren im Abrechnungs-Kontext","StructureDefinition/ISiKAbrechnungsfall","de.basisprofil.r4"
http://fhir.de/ValueSet/DiagnoseTyp,1.5.4,active,,DiagnoseTyp,DiagnoseTyp ValueSet,"DiagnoseTyp ValueSet","StructureDefinition/ISiKKontaktGesundheitseinrichtung,StructureDefinition/ISiKTerminKontaktMitGesundheitseinrichtung","de.basisprofil.r4"
http://fhir.de/ValueSet/Diagnosesubtyp,1.5.4,active,,Diagnosesubtyp,Diagnosesubtyp ValueSet,"Diagnosesubtyp ValueSet","StructureDefinition/ISiKKontaktGesundheitseinrichtung,StructureDefinition/ISiKTerminKontaktMitGesundheitseinrichtung","de.basisprofil.r4,THO"
http://fhir.de/ValueSet/EkgAbleitungenVS,1.5.4,active,,EkgAbleitungenVS,SNOMED CT codes der EKG Ableitungen,"ValueSet mit den SNOMED CT codes der EKG Ableitungen","StructureDefinition/ISiKEKG","SCT"
http://fhir.de/ValueSet/EkgLeads,1.5.4,active,,EkgLeads,EKG/ECG leads,"EKG/ECG leads","StructureDefinition/ISiKEKG","LOINC"
http://fhir.de/ValueSet/EncounterClassDE,1.5.4,active,,EncounterClassDE,EncounterClassDE,"Fallarten und Patientenstatus zur Codierung von Encounter.class","StructureDefinition/ISiKKontaktGesundheitseinrichtung,StructureDefinition/ISiKTerminKontaktMitGesundheitseinrichtung","THO (V3)"
http://fhir.de/ValueSet/EncounterStatusDe,1.5.4,active,,EncounterStatusDe,Encounter Status ValueSet,"Einschränkung von Encounter Status in Vorbereitung auf Änderungen in FHIR R5","StructureDefinition/ISiKKontaktGesundheitseinrichtung,StructureDefinition/ISiKTerminKontaktMitGesundheitseinrichtung","hl7.fhir.r4.core"
http://fhir.de/ValueSet/UcumVitalsCommonDE,1.5.4,active,,UCUM_Vitals_Common_DE,UCUM Vitals Common DE,"Alle innerhalb der VitalSign Profile (DE) erlaubten UCUM Einheiten für value[x]","StructureDefinition/ISiKKoerpertemperatur,StructureDefinition/ISiKHerzfrequenz,StructureDefinition/ISiKKoerperkerntemperatur,StructureDefinition/ISiKAtemfrequenz,StructureDefinition/ISiKSauerstoffsaettigungArteriell,StructureDefinition/ISiKKoerpergewicht,StructureDefinition/sd-mii-icu-koerpertemperatur-kern,StructureDefinition/sd-mii-icu-koerpertemperatur-harnblase,StructureDefinition/ISiKKoerpergroesse,StructureDefinition/sd-mii-icu-koerpertemperatur-unter-der-zunge,StructureDefinition/sd-mii-icu-koerpertemperatur-rektal,StructureDefinition/ISiKKopfumfang,StructureDefinition/sd-mii-icu-koerpertemperatur-leiste,StructureDefinition/sd-mii-icu-koerpertemperatur-blut,StructureDefinition/sd-mii-icu-koerpertemperatur-trommelfell,StructureDefinition/sd-mii-icu-koerpertemperatur-speiseroehre,StructureDefinition/ISiKBlutdruckSystemischArteriell,StructureDefinition/sd-mii-icu-koerpertemperatur-vaginal,StructureDefinition/sd-mii-icu-koerpertemperatur-achsel","UCUM"
http://fhir.de/ValueSet/VitalSignDE-Atemfrequenz-SNOMED-CT,1.5.4,active,,VitalSignDE_Atemfrequenz_SNOMED_CT,VitalSignDE_Atemfrequenz_SNOMED_CT,"VitalSignDE_Atemfrequenz_SNOMED_CT enthält die erwarteten $sct Codes für Atemfrequenz","StructureDefinition/ISiKAtemfrequenz","SCT"
http://fhir.de/ValueSet/VitalSignDE-Herzfrequenz-SNOMED-CT,1.5.4,active,,VitalSignDE_Herzfrequenz_SNOMED_CT,VitalSignDE_Herzfrequenz_SNOMED_CT,"VitalSignDE_Herzfrequenz_SNOMED_CT enthält die erwarteten $sct Codes für Herzfrequenz","StructureDefinition/ISiKHerzfrequenz","SCT"
http://fhir.de/ValueSet/VitalSignDE-Koerpergewicht-SNOMED-CT,1.5.4,active,,VitalSignDE_Koerpergewicht_SNOMED_CT,VitalSignDE_Koerpergewicht_SNOMED_CT,"VitalSignDE_Koerpergewicht_SNOMED_CT enthält die erwarteten $sct Codes für Koerpergewicht","StructureDefinition/ISiKKoerpergewicht","SCT"
http://fhir.de/ValueSet/VitalSignDE-Koerpergroesse-SNOMED-CT,1.5.4,active,,VitalSignDE_Koerpergroesse_SNOMED_CT,VitalSignDE_Koerpergroesse_SNOMED_CT,"VitalSignDE_Koerpergroesse_SNOMED_CT enthält die erwarteten $sct Codes für Koerpergroesse","StructureDefinition/ISiKKoerpergroesse","SCT"
http://fhir.de/ValueSet/VitalSignDE-Koerpertemperatur-SNOMED-CT,1.5.4,active,,VitalSignDE_Koerpertemperatur_SNOMED_CT,VitalSignDE_Koerpertemperatur_SNOMED_CT,"VitalSignDE_Koerpertemperatur_SNOMED_CT enthält die erwarteten $sct Codes für Koerpertemperatur","StructureDefinition/ISiKKoerpertemperatur","SCT"
http://fhir.de/ValueSet/VitalSignDE-Kopfumfang-SNOMED-CT,1.5.4,active,,VitalSignDE_Kopfumfang_SNOMED_CT,VitalSignDE_Kopfumfang_SNOMED_CT,"VitalSignDE_Kopfumfang_SNOMED_CT enthält die erwarteten $sct Codes für Kopfumfang","StructureDefinition/ISiKKopfumfang","SCT"
http://fhir.de/ValueSet/VitalSignDE-Sauerstoffsaettigung-SNOMED-CT,1.5.4,active,,VitalSignDE_Sauerstoffsaettigung_SNOMED_CT,VitalSignDE_Sauerstoffsaettigung_SNOMED_CT,"VitalSignDE_SauerstoffCsaettigung_SNOMED_CT enthält die erwarteten $sct Codes für Sauerstoffsaettigung","StructureDefinition/ISiKSauerstoffsaettigungArteriell","SCT"
http://fhir.de/ValueSet/VitalSignDE_Body_Length_UCUM,1.5.4,active,,VitalSignDE_Body_Length_UCUM,VitalSignDE_Body_Length_UCUM,"VitalSignDE_Body_Length_UCUM enthält alle validen Einheiten zur Kodierung einer Körpergröße","StructureDefinition/ISiKKoerpergroesse,StructureDefinition/ISiKKopfumfang","UCUM"
http://fhir.de/ValueSet/VitalSignDE_Body_Weigth_UCUM,1.5.4,active,,VitalSignDE_Body_Weigth_UCUM,VitalSignDE_Body_Weigth_UCUM,"VitalSignDE_Body_Weigth_UCUM enthält alle validen Einheiten zur Kodierung eines Körpergewichtes","StructureDefinition/ISiKKoerpergewicht","UCUM"
http://fhir.de/ValueSet/bfarm/ops,1.5.4,active,,OpsVS,OPS ValueSet,"OPS ValueSet","StructureDefinition/ISiKProzedur","de.basisprofil.r4"
http://fhir.de/ValueSet/common-meta-tag-de,1.5.4,active,,VS_CommonMetaTag_De,,"Gebräuchliche Codes zur Kodierung von Resource.meta.tag","StructureDefinition/ISiKTermin","de.basisprofil.r4"
http://fhir.de/ValueSet/dgkev/Aufnahmeanlass,1.5.4,active,,AufnahmeanlassVS,Aufnahmeanlass ValueSet,"Aufnahmeanlass, Datenübermittlung nach § 301 Abs. 3 SGB V","StructureDefinition/ISiKKontaktGesundheitseinrichtung,StructureDefinition/ISiKTerminKontaktMitGesundheitseinrichtung","de.basisprofil.r4"
http://fhir.de/ValueSet/dkgev/AufnahmegrundDritteStelle,1.5.4,active,,AufnahmegrundDritteStelleVS,AufnahmegrundDritteStelle ValueSet,"Aufnahmegrund (3. Stelle), Datenübermittlung nach § 301 Abs. 3 SGB V","StructureDefinition/ISiKKontaktGesundheitseinrichtung,StructureDefinition/ISiKTerminKontaktMitGesundheitseinrichtung","de.basisprofil.r4"
http://fhir.de/ValueSet/dkgev/AufnahmegrundErsteUndZweiteStelle,1.5.4,active,,AufnahmegrundErsteUndZweiteStelleVS,Aufnahmegrund Erste und Zweite Stelle ValueSet,"Aufnahmegrund (1. und 2. Stelle), Datenübermittlung nach § 301 Abs. 3 SGB V","StructureDefinition/ISiKKontaktGesundheitseinrichtung,StructureDefinition/ISiKTerminKontaktMitGesundheitseinrichtung","de.basisprofil.r4"
http://fhir.de/ValueSet/dkgev/AufnahmegrundVierteStelle,1.5.4,active,,AufnahmegrundVierteStelleVS,Aufnahmegrund Vierte Stelle ValueSet,"Aufnahmegrund (4. Stelle), Datenübermittlung nach § 301 Abs. 3 SGB V","StructureDefinition/ISiKKontaktGesundheitseinrichtung,StructureDefinition/ISiKTerminKontaktMitGesundheitseinrichtung","de.basisprofil.r4"
http://fhir.de/ValueSet/dkgev/Fachabteilungsschluessel,1.5.4,active,,FachabteilungsschluesselVS,Fachabteilungsschlüssel ValueSet,"Fachabteilungen gemäß Anhang 1 der BPflV in der am 31.12.2003 geltenden Fassung","StructureDefinition/ISiKKontaktGesundheitseinrichtung,StructureDefinition/ISiKTerminKontaktMitGesundheitseinrichtung","de.basisprofil.r4"
http://fhir.de/ValueSet/dkgev/Fachabteilungsschluessel-erweitert,1.5.4,active,,ValueSetFachabteilungsschluesselErweitert,FachabteilungsschluesselErweitert ValueSet,"Fachabteilungen gemäß Anhang 1 der BPflV in der am 31.12.2003 geltenden Fassung inkl. Spezialisierungen","StructureDefinition/ISiKTermin,StructureDefinition/ISiKMedizinischeBehandlungseinheit,StructureDefinition/ISiKKalender,StructureDefinition/ISiKKontaktGesundheitseinrichtung,StructureDefinition/ISiKOrganisation,StructureDefinition/ISiKTerminKontaktMitGesundheitseinrichtung,StructureDefinition/ISiKOrganisationFachabteilung","de.basisprofil.r4"
http://fhir.de/ValueSet/gender-other-de,1.5.4,active,,GenderOtherDEVS,GenderOtherDE ValueSet,"Codes zur Erfassung des amtlichen Geschlechts auf Basis der Spezifikationen ""XPersonenstand - Elektronische Datenübermittlung im Personenstandswesen"" und ""Kassenärztliche Vereinigung-Datentransfer"" der KB","StructureDefinition/ISiKPersonImGesundheitsberuf","de.basisprofil.r4"
http://fhir.de/ValueSet/glasgow-coma-score-eye,1.5.4,active,,VS_Score_GlasgowComaScore_Eye,VS Score Glasgow Coma Score Eye,"Dieses ValueSet enthält Codes für die Augenöffnung Komponente des Glasgow Coma Scores.","StructureDefinition/ISiKGCS","LOINC"
http://fhir.de/ValueSet/glasgow-coma-score-motor,1.5.4,active,,VS_Score_GlasgowComaScore_Motor,VS Score Glasgow Coma Score Motor,"Dieses ValueSet enthält Codes für die Motorische Reaktion Komponente des Glasgow Coma Scores.","StructureDefinition/ISiKGCS","LOINC"
http://fhir.de/ValueSet/glasgow-coma-score-verbal,1.5.4,active,,VS_Score_GlasgowComaScore_Verbal,VS Score Glasgow Coma Score Verbal,"Dieses ValueSet enthält Codes für die Verbale Kommunikation Komponente des Glasgow Coma Scores.","StructureDefinition/ISiKGCS","LOINC"
http://fhir.de/ValueSet/identifier-type-de-basis,1.5.4,active,,IdentifierTypeDeBasisVS,Identifier Type DeBasis ValueSet,"ValueSet zur Codierung des Identifier-Typs","StructureDefinition/ISiKPatient,StructureDefinition/ISiKAbrechnungsfall,StructureDefinition/ISiKPersonImGesundheitsberuf,StructureDefinition/ISiKVersicherungsverhaeltnisGesetzlich","THO (V2),de.basisprofil.r4"
http://fhir.de/ValueSet/iso/bundeslaender,1.5.4,active,,ValueSetISO31662DE,ISO-3166-2:de-Laendercodes,"Enthaelt die ISO-3166-2:DE Codes für die deutschen Bundeslaender.","StructureDefinition/ISiKOrganisation,StructureDefinition/ISiKPatient,StructureDefinition/ISiKPersonImGesundheitsberuf,StructureDefinition/ISiKOrganisationFachabteilung,StructureDefinition/ISiKAngehoeriger","de.basisprofil.r4"
http://fhir.de/ValueSet/kontaktart-de,1.5.4,active,,KontaktartDe,KontaktartDe ValueSet,"Kontaktarten für die Codierung von Encounter.type","StructureDefinition/ISiKKontaktGesundheitseinrichtung,StructureDefinition/ISiKTerminKontaktMitGesundheitseinrichtung","de.basisprofil.r4"
http://fhir.de/ValueSet/kontaktebene-de,1.5.4,active,,KontaktebeneDe,KontaktebeneDe ValueSet,"Kontaktebene für die Codierung von Encounter.type","StructureDefinition/ISiKKontaktGesundheitseinrichtung,StructureDefinition/ISiKTerminKontaktMitGesundheitseinrichtung","de.basisprofil.r4"
http://fhir.de/ValueSet/pflegegrad-de,1.5.4,active,,PflegegradDE,PflegegradDE ValueSet,"Codes zur genaueren Differenzierung des Pflegegrads.",,"de.basisprofil.r4"
http://fhir.de/ValueSet/versicherungsart-de-basis,1.5.4,active,,VersicherungsartDeBasisVS,,"ValueSet für die in Deutschland üblichen Versicherungsarten","StructureDefinition/ISiKVersicherungsverhaeltnisSonstige,StructureDefinition/ISiKVersicherungsverhaeltnisSelbstzahler,StructureDefinition/ISiKVersicherungsverhaeltnisGesetzlich","THO (V3),de.basisprofil.r4,Other"
http://gefyra.info/training/ValueSet/ConditionDiagnosisSeverity,0.1.0,active,,ConditionDiagnosisSeverity,,"Enthaelt alle SNOMED DiagnosisSeverity Codes",,"SCT"
http://gefyra.info/training/ValueSet/DiagnosesSCT,0.1.0,active,,DiagnosesSCT,,"Enthaelt alle SNOMED Clinical finding, Event und Situation with explicit context codes",,"SCT"
http://gefyra.info/training/ValueSet/EncounterReasonCodes,0.1.0,active,,EncounterReasonCodes,,"Enthaelt alle SNOMED Reason Codes",,"SCT"
http://gefyra.info/training/ValueSet/FhirMimeTypeVS,0.1.0,active,,FhirMimeTypeVS,FhirMimeTypeVS,"FHIR Mime Types","StructureDefinition/ISiKSubscription","Other"
http://gefyra.info/training/ValueSet/ISiKAccountType,0.1.0,active,,ISiKAccountType,ISiKAccountType,"",,"THO (V3)"
http://gefyra.info/training/ValueSet/ISiKBehandlungsergebnisReha,0.1.0,active,,ISiKBehandlungsergebnisRehaVS,,"Behandlungsergebnis Reha gemäß §301(4 UND 4A) SGB V. Diagnosenbezogene Bewertung des Behandlungsergebnisses für einen Versicherten/Berechtigten bei Entlassung aus der Reha-Maßnahme bzw. Stellung eines Antrags auf Verlängerung. Vgl. Schlüsseltabelle 2.71 Diagnose - Behandlungsergebnis.","StructureDefinition/ExtensionISiKRehaEntlassung","Internal"
http://gefyra.info/training/ValueSet/ISiKBesondereBehandlungsformReha,0.1.0,active,,ISiKBesondereBehandlungsformRehaVS,,"Besondere Behandlungsform der Reha gemäß §301(4 UND 4A) SGB V. Vgl. Schlüsseltabelle 2.51 Besondere Behandlungsformen.","StructureDefinition/ExtensionISiKRehaEntlassung","Internal"
http://gefyra.info/training/ValueSet/ISiKConfidentialityCodes,0.1.0,active,,ISiKConfidentialityCodes,ISiKConfidentialityCodes,"Vertraulichkeitsstufen","StructureDefinition/ISiKDokumentenMetadaten","THO (V3)"
http://gefyra.info/training/ValueSet/ISiKEntlassformReha,0.1.0,active,,ISiKEntlassformRehaVS,,"ISiK Entlassform Reha. Beschreibt Form und ggf. Weiterbehandlung der Entlassung eines Versicherten/Berechtigten aus verwaltungs- und medizinischer Sicht. Vgl. Schlüsseltabelle 2.107 Entlassungsform.","StructureDefinition/ExtensionISiKRehaEntlassung","Internal"
http://gefyra.info/training/ValueSet/ISiKKernTempSctVS,0.1.0,active,,ISiKKernTempSctVS,ISiK  Kerntemperatur SnomedCT ValueSet,"ValueSet der Körperkerntemperatur SnomedCT Konzepte","StructureDefinition/ISiKKoerperkerntemperatur,StructureDefinition/sd-mii-icu-koerpertemperatur-leiste,StructureDefinition/sd-mii-icu-koerpertemperatur-kern,StructureDefinition/sd-mii-icu-koerpertemperatur-harnblase,StructureDefinition/sd-mii-icu-koerpertemperatur-blut,StructureDefinition/sd-mii-icu-koerpertemperatur-trommelfell,StructureDefinition/sd-mii-icu-koerpertemperatur-unter-der-zunge,StructureDefinition/sd-mii-icu-koerpertemperatur-speiseroehre,StructureDefinition/sd-mii-icu-koerpertemperatur-rektal,StructureDefinition/sd-mii-icu-koerpertemperatur-vaginal,StructureDefinition/sd-mii-icu-koerpertemperatur-achsel","SCT"
http://gefyra.info/training/ValueSet/ISiKLocationPhysicalType,0.1.0,active,,ISiKLocationPhysicalType,,"","StructureDefinition/ISiKKontaktGesundheitseinrichtung,StructureDefinition/ISiKTerminKontaktMitGesundheitseinrichtung","THO"
http://gefyra.info/training/ValueSet/ISiKMDRRelevanzFormularVS,0.1.0,active,,ISiKMDRRelevanzFormularVS,,"","StructureDefinition/ISiKFormularDaten,StructureDefinition/ISiKMDRRelevanzFormularExtension","Internal"
http://gefyra.info/training/ValueSet/ISiKMedikationsartVS,0.1.0,active,,ISiKMedikationsartVS,,"ISiK Therapiearten für Medikation","StructureDefinition/ExtensionISiKMedikationsart,StructureDefinition/ISiKMedikationsVerordnung,StructureDefinition/ISiKMedikationsInformation","Internal"
http://gefyra.info/training/ValueSet/ISiKSpecificGenericTempLoincVS,0.1.0,active,,ISiKSpecificGenericTempLoincVS,ISiK Specific Generische Koerpertemperatur LOINC Konzepte,"ValueSet der spezifischen generischen Körperkerntemperatur LOINC Konzepte die nicht dazu dienen eine Körperkerntemperatur zu messen","StructureDefinition/sd-mii-icu-koerpertemperatur-brust,StructureDefinition/sd-mii-icu-koerpertemperatur-generisch,StructureDefinition/sd-mii-icu-koerpertemperatur-nasal,StructureDefinition/sd-mii-icu-koerpertemperatur-halswirbelsaeule,StructureDefinition/sd-mii-icu-koerpertemperatur-lendenwirbelsaeule,StructureDefinition/sd-mii-icu-koerpertemperatur-brustwirbelsaeule,StructureDefinition/sd-mii-icu-koerpertemperatur-gelenk,StructureDefinition/sd-mii-icu-koerpertemperatur-atemwege,StructureDefinition/sd-mii-icu-koerpertemperatur-nasen-rachen-raum,StructureDefinition/sd-mii-icu-koerpertemperatur-myokard,StructureDefinition/sd-mii-icu-koerpertemperatur-stirn","LOINC"
http://gefyra.info/training/ValueSet/ISiKSpecificKernTempLoincVS,0.1.0,active,,ISiKSpecificKernTempLoincVS,ISiK Specific Kerntemperatur LOINC ValueSet,"ValueSet der spezifischen Körperkerntemperatur LOINC Konzepte","StructureDefinition/ISiKKoerperkerntemperatur,StructureDefinition/sd-mii-icu-koerpertemperatur-leiste,StructureDefinition/sd-mii-icu-koerpertemperatur-kern,StructureDefinition/sd-mii-icu-koerpertemperatur-harnblase,StructureDefinition/sd-mii-icu-koerpertemperatur-blut,StructureDefinition/sd-mii-icu-koerpertemperatur-trommelfell,StructureDefinition/sd-mii-icu-koerpertemperatur-unter-der-zunge,StructureDefinition/sd-mii-icu-koerpertemperatur-speiseroehre,StructureDefinition/sd-mii-icu-koerpertemperatur-rektal,StructureDefinition/sd-mii-icu-koerpertemperatur-vaginal,StructureDefinition/sd-mii-icu-koerpertemperatur-achsel","LOINC"
http://gefyra.info/training/ValueSet/ISiKSubscriptionTopicVS,0.1.0,active,,ISiKSubscriptionTopicVS,ISiKSubscriptionTopic ValueSet,"ValueSet, das alle Codes des ISiKSubscriptionTopic CodeSystems enthält","StructureDefinition/ISiKSubscription","Internal"
http://gefyra.info/training/ValueSet/ISiKTerminCancelationReason,0.1.0,active,,ISiKTerminCancelationReason,,"Enthaelt alle erlaubten Gruende fuer eine Stornierung eines ISiKTermins","StructureDefinition/ISiKTermin","THO"
http://gefyra.info/training/ValueSet/ISiKTerminPriority,0.1.0,active,,ISiKTerminPriority,,"Enthaelt alle SNOMED Codes, die eine valide Priorität für den ISiKTermin sind","StructureDefinition/ISiKTerminPriorityExtension","SCT"
http://gefyra.info/training/ValueSet/ISiKUnterbrechungReha,0.1.0,active,,ISiKUnterbrechungRehaVS,,"ISiK Unterbrechung Reha. Dokumentiert die relevanten Gründe einer Unterbrechung einer Rehabilitationsmaßnahme im Einzelfall. Vgl. Schlüsseltabelle 2.111 Erläuterung zur Unterbrechung.","StructureDefinition/ExtensionISiKRehaEntlassung","Internal"
http://gefyra.info/training/ValueSet/MedikationsListeListModeVS,0.1.0,active,,MedikationsListeListModeVS,Medikationslisten-Modes,"Erlaubte ListModes der ISiK MedikationsListe","StructureDefinition/ISiKMedikationsListe","hl7.fhir.r4.core"
http://gefyra.info/training/ValueSet/ObservationCodesCRP,0.1.0,active,,ObservationCodesCRP,,"Enthält LOINC-Codes für die Observation CRP","StructureDefinition/ISiKLaboruntersuchungCRP","LOINC"
http://gefyra.info/training/ValueSet/ObservationCodesGFR,0.1.0,active,,ObservationCodesGFR,,"Enthält LOINC-Codes für die Observation GFR","StructureDefinition/ISiKLaboruntersuchungGFR","LOINC"
http://gefyra.info/training/ValueSet/ObservationCodesHb,0.1.0,active,,ObservationCodesHb,,"Enthält LOINC-Codes für die Observation Hb","StructureDefinition/ISiKLaboruntersuchungHb","LOINC"
http://gefyra.info/training/ValueSet/ObservationCodesPCT,0.1.0,active,,ObservationCodesPCT,,"Enthält LOINC-Codes für die Observation PCT","StructureDefinition/ISiKLaboruntersuchungPCT","LOINC"
http://gefyra.info/training/ValueSet/ObservationCodesSerumkreatinin,0.1.0,active,,ObservationCodesSerumkreatinin,,"Enthält LOINC-Codes für die Observation Serumkreatinin","StructureDefinition/ISiKLaboruntersuchungSerumkreatinin","LOINC"
http://gefyra.info/training/ValueSet/ObservationCodesTSH,0.1.0,active,,ObservationCodesTSH,,"Enthält LOINC-Codes für die Observation TSH","StructureDefinition/ISiKLaboruntersuchungTSH","LOINC"
http://gefyra.info/training/ValueSet/ObservationCodesThrombozyten,0.1.0,active,,ObservationCodesThrombozyten,,"Enthält LOINC-Codes für die Observation Thrombozyten","StructureDefinition/ISiKLaboruntersuchungThrombozyten","LOINC"
http://gefyra.info/training/ValueSet/ObservationCodesTroponin,0.1.0,active,,ObservationCodesTroponin,,"Enthält LOINC-Codes für die Observation Troponin","StructureDefinition/ISiKLaboruntersuchungTroponin","LOINC"
http://gefyra.info/training/ValueSet/ObservationUnitsCRP,0.1.0,active,,ObservationUnitsCRP,,"Enthält UCUM-Einheiten für die Observation CRP","StructureDefinition/ISiKLaboruntersuchungCRP","UCUM"
http://gefyra.info/training/ValueSet/ObservationUnitsGFR,0.1.0,active,,ObservationUnitsGFR,,"Enthält UCUM-Einheiten für die Observation GFR","StructureDefinition/ISiKLaboruntersuchungGFR","UCUM"
http://gefyra.info/training/ValueSet/ObservationUnitsHb,0.1.0,active,,ObservationUnitsHb,,"Enthält UCUM-Einheiten für die Observation Hb","StructureDefinition/ISiKLaboruntersuchungHb","UCUM"
http://gefyra.info/training/ValueSet/ObservationUnitsPCT,0.1.0,active,,ObservationUnitsPCT,,"Enthält UCUM-Einheiten für die Observation PCT","StructureDefinition/ISiKLaboruntersuchungPCT","UCUM"
http://gefyra.info/training/ValueSet/ObservationUnitsSerumkreatinin,0.1.0,active,,ObservationUnitsSerumkreatinin,,"Enthält UCUM-Einheiten für die Observation Serumkreatinin","StructureDefinition/ISiKLaboruntersuchungSerumkreatinin","UCUM"
http://gefyra.info/training/ValueSet/ObservationUnitsTSH,0.1.0,active,,ObservationUnitsTSH,,"Enthält UCUM-Einheiten für die Observation TSH","StructureDefinition/ISiKLaboruntersuchungTSH","UCUM"
http://gefyra.info/training/ValueSet/ObservationUnitsThrombozyten,0.1.0,active,,ObservationUnitsThrombozyten,,"Enthält UCUM-Einheiten für die Observation Thrombozyten","StructureDefinition/ISiKLaboruntersuchungThrombozyten","UCUM"
http://gefyra.info/training/ValueSet/ObservationUnitsTroponin,0.1.0,active,,ObservationUnitsTroponin,,"Enthält UCUM-Einheiten für die Observation Troponin","StructureDefinition/ISiKLaboruntersuchungTroponin","UCUM"
http://gefyra.info/training/ValueSet/ProzedurenCodesSCT,0.1.0,active,,ProzedurenCodesSCT,,"Enthaelt alle SNOMED Procedure Codes",,"SCT"
http://gefyra.info/training/ValueSet/ProzedurenKategorieSCT,0.1.0,active,,ProzedurenKategorieSCT,,"Enthaelt alle SNOMED Codes für ein Mapping der OPS Klassentitel",,"SCT"
http://gefyra.info/training/ValueSet/SchwangerschaftEtMethodeVS,0.1.0,active,,SchwangerschaftEtMethodeVS,Schwangerschaft Erwarteter Entbindungstermin Methode,"","StructureDefinition/ISiKSchwangerschaftErwarteterEntbindungstermin","LOINC"
http://gefyra.info/training/ValueSet/SchwangerschaftsstatusVS,0.1.0,active,,SchwangerschaftsstatusVS,Schwangerschaftsstatus Valueset,"","StructureDefinition/ISiKSchwangerschaftsstatus","LOINC"
http://gefyra.info/training/ValueSet/SctRouteOfAdministration,0.1.0,active,,SctRouteOfAdministration,,"Enthaelt alle SNOMED CT Administrationsarten","StructureDefinition/ISiKMedikationsVerordnung,StructureDefinition/ISiKMedikationsVerabreichung,StructureDefinition/ISiKMedikationsInformation","SCT"
http://gefyra.info/training/ValueSet/StillstatusVS,0.1.0,active,,StillstatusVS,Stillstatus LOINC Antwortoptionen,"Dieses Valueset enthält die Codes zur Beschreibung von Stillstatus LOINC.","StructureDefinition/ISiKStillstatus","LOINC"
http://gefyra.info/training/ValueSet/current-smoking-status-uv-ips,0.1.0,active,,CurrentSmokingStatusUvIps,Current Smoking Status - IPS,"HL7 LOINC value set for smoking status.  Based on the HL7 Vocab and Structured Doc WG (formerly TC) consensus - per US CDC submission 7/12/2012 for smoking status terms.","StructureDefinition/ISiKRaucherStatus","LOINC"
http://gefyra.info/training/ValueSet/vs-mii-icu-bodysite-observation-blutdruck,0.1.0,active,,VS_MII_ICU_BodySite_Observation_Blutdruck,VS MII ICU BodySite Observation Blutdruck,"Dieses ValueSet enthält Codes für bodySites von Blutdrücken (pulsatilen Drücken).","StructureDefinition/sd-mii-icu-sonstige-pulsatile-druecke-generisch,StructureDefinition/sd-mii-icu-pulmonalarterieller-blutdruck,StructureDefinition/sd-mii-icu-rechtsventrikulaerer-druck,StructureDefinition/sd-mii-icu-rechtsatrialer-druck,StructureDefinition/sd-mii-icu-linksventrikulaerer-druck,StructureDefinition/sd-mii-icu-linksatrialer-druck","SCT"
http://gefyra.info/training/ValueSet/vs-mii-icu-bodysite-observation-monitoring-und-vitaldaten,0.1.0,active,,VS_MII_ICU_BodySite_Observation_Monitoring_und_Vitaldaten,VS MII ICU BodySite Observation Monitoring und Vitaldaten,"Dieses ValueSet enthält Codes für bodySites von Vitaldaten sowie Daten aus dem Patientenmonitoring.","StructureDefinition/sd-mii-icu-linksventrikulaeres-schlagvolumenindex,StructureDefinition/sd-mii-icu-pulmonalarterieller-wedge-druck,StructureDefinition/sd-mii-icu-linksventri-schlagvolumen-durch-indikatorverduennung,StructureDefinition/sd-mii-icu-koerpertemperatur-brust,StructureDefinition/sd-mii-icu-koerpertemperatur-generisch,StructureDefinition/sd-mii-icu-linksventri-schlagvolumenindex-durch-indikatorverd,StructureDefinition/sd-mii-icu-o2saettigung-im-blut-postduktal-durch-pulsoxymetrie,StructureDefinition/sd-mii-icu-koerpertemperatur-gelenk,StructureDefinition/sd-mii-icu-systemischer-vaskulaerer-widerstandsindex,StructureDefinition/sd-mii-icu-koerpertemperatur-nasen-rachen-raum,StructureDefinition/sd-mii-icu-koerpertemperatur-stirn,StructureDefinition/sd-mii-icu-o2saettigung-im-blut-preduktal-durch-pulsoxymetrie,StructureDefinition/sd-mii-icu-koerpergroesse-percentil-altersabhaengig,StructureDefinition/sd-mii-icu-linksventrikulaerer-herzindex,StructureDefinition/sd-mii-icu-ideales-koerpergewicht,StructureDefinition/sd-mii-icu-koerpertemperatur-lendenwirbelsaeule,StructureDefinition/sd-mii-icu-linksventrikulaeres-schlagvolumen,StructureDefinition/sd-mii-icu-koerpertemperatur-brustwirbelsaeule,StructureDefinition/sd-mii-icu-linksventri-herzindex-durch-indikatorverduennung,StructureDefinition/sd-mii-icu-linksventri-herzzeitvolumen-durch-indikatorverd,StructureDefinition/sd-mii-icu-koerpertemperatur-myokard,StructureDefinition/sd-mii-icu-puls,StructureDefinition/sd-mii-icu-zentralvenoeser-blutdruck,StructureDefinition/sd-mii-icu-koerpergewicht-percentil-altersabhaengig,StructureDefinition/sd-mii-icu-herzzeitvolumen,StructureDefinition/sd-mii-icu-koerpertemperatur-halswirbelsaeule,StructureDefinition/sd-mii-icu-koerpertemperatur-nasal,StructureDefinition/sd-mii-icu-o2saettigung-im-arteriellen-blut-durch-pulsoxymetrie,StructureDefinition/sd-mii-icu-pulmonalvaskulaerer-widerstandsindex,StructureDefinition/sd-mii-icu-koerpertemperatur-atemwege,StructureDefinition/sd-mii-icu-monitoring-und-vitaldaten,StructureDefinition/sd-mii-icu-intrakranieller-druck-icp","SCT"
http://gefyra.info/training/ValueSet/vs-mii-icu-code-monitoring-und-vitaldaten-iso11073,0.1.0,active,,VS_MII_ICU_Code_Monitoring_und_Vitaldaten_ISO11073,VS MII ICU Code Monitoring und Vitaldaten [ISO11073],"Dieses ValueSet enthält Codes für Vitaldaten sowie Daten aus dem Patientenmonitoring.","StructureDefinition/sd-mii-icu-linksventrikulaeres-schlagvolumenindex,StructureDefinition/sd-mii-icu-pulmonalarterieller-wedge-druck,StructureDefinition/sd-mii-icu-linksventri-schlagvolumen-durch-indikatorverduennung,StructureDefinition/sd-mii-icu-koerpertemperatur-brust,StructureDefinition/sd-mii-icu-koerpertemperatur-generisch,StructureDefinition/sd-mii-icu-linksventri-schlagvolumenindex-durch-indikatorverd,StructureDefinition/sd-mii-icu-o2saettigung-im-blut-postduktal-durch-pulsoxymetrie,StructureDefinition/sd-mii-icu-koerpertemperatur-gelenk,StructureDefinition/sd-mii-icu-systemischer-vaskulaerer-widerstandsindex,StructureDefinition/sd-mii-icu-koerpertemperatur-nasen-rachen-raum,StructureDefinition/sd-mii-icu-koerpertemperatur-stirn,StructureDefinition/sd-mii-icu-o2saettigung-im-blut-preduktal-durch-pulsoxymetrie,StructureDefinition/sd-mii-icu-koerpergroesse-percentil-altersabhaengig,StructureDefinition/sd-mii-icu-linksventrikulaerer-herzindex,StructureDefinition/sd-mii-icu-ideales-koerpergewicht,StructureDefinition/sd-mii-icu-koerpertemperatur-lendenwirbelsaeule,StructureDefinition/sd-mii-icu-linksventrikulaeres-schlagvolumen,StructureDefinition/sd-mii-icu-koerpertemperatur-brustwirbelsaeule,StructureDefinition/sd-mii-icu-linksventri-herzindex-durch-indikatorverduennung,StructureDefinition/sd-mii-icu-linksventri-herzzeitvolumen-durch-indikatorverd,StructureDefinition/sd-mii-icu-koerpertemperatur-myokard,StructureDefinition/sd-mii-icu-puls,StructureDefinition/sd-mii-icu-zentralvenoeser-blutdruck,StructureDefinition/sd-mii-icu-koerpergewicht-percentil-altersabhaengig,StructureDefinition/sd-mii-icu-herzzeitvolumen,StructureDefinition/sd-mii-icu-koerpertemperatur-halswirbelsaeule,StructureDefinition/sd-mii-icu-koerpertemperatur-nasal,StructureDefinition/sd-mii-icu-o2saettigung-im-arteriellen-blut-durch-pulsoxymetrie,StructureDefinition/sd-mii-icu-pulmonalvaskulaerer-widerstandsindex,StructureDefinition/sd-mii-icu-koerpertemperatur-atemwege,StructureDefinition/sd-mii-icu-monitoring-und-vitaldaten,StructureDefinition/sd-mii-icu-intrakranieller-druck-icp","hl7.terminology.r4"
http://gefyra.info/training/ValueSet/vs-mii-icu-code-monitoring-und-vitaldaten-loinc,0.1.0,active,,VS_MII_ICU_Code_Monitoring_und_Vitaldaten_LOINC,VS MII ICU Code Monitoring und Vitaldaten [LOINC],"Dieses ValueSet enthält Codes für Vitaldaten sowie Daten aus dem Patientenmonitoring.","StructureDefinition/sd-mii-icu-linksventrikulaeres-schlagvolumenindex,StructureDefinition/sd-mii-icu-pulmonalarterieller-wedge-druck,StructureDefinition/sd-mii-icu-linksventri-schlagvolumen-durch-indikatorverduennung,StructureDefinition/sd-mii-icu-koerpertemperatur-brust,StructureDefinition/sd-mii-icu-koerpertemperatur-generisch,StructureDefinition/sd-mii-icu-linksventri-schlagvolumenindex-durch-indikatorverd,StructureDefinition/sd-mii-icu-o2saettigung-im-blut-postduktal-durch-pulsoxymetrie,StructureDefinition/sd-mii-icu-koerpertemperatur-gelenk,StructureDefinition/sd-mii-icu-systemischer-vaskulaerer-widerstandsindex,StructureDefinition/sd-mii-icu-koerpertemperatur-nasen-rachen-raum,StructureDefinition/sd-mii-icu-koerpertemperatur-stirn,StructureDefinition/sd-mii-icu-o2saettigung-im-blut-preduktal-durch-pulsoxymetrie,StructureDefinition/sd-mii-icu-koerpergroesse-percentil-altersabhaengig,StructureDefinition/sd-mii-icu-linksventrikulaerer-herzindex,StructureDefinition/sd-mii-icu-ideales-koerpergewicht,StructureDefinition/sd-mii-icu-koerpertemperatur-lendenwirbelsaeule,StructureDefinition/sd-mii-icu-linksventrikulaeres-schlagvolumen,StructureDefinition/sd-mii-icu-koerpertemperatur-brustwirbelsaeule,StructureDefinition/sd-mii-icu-linksventri-herzindex-durch-indikatorverduennung,StructureDefinition/sd-mii-icu-linksventri-herzzeitvolumen-durch-indikatorverd,StructureDefinition/sd-mii-icu-koerpertemperatur-myokard,StructureDefinition/sd-mii-icu-puls,StructureDefinition/sd-mii-icu-zentralvenoeser-blutdruck,StructureDefinition/sd-mii-icu-koerpergewicht-percentil-altersabhaengig,StructureDefinition/sd-mii-icu-herzzeitvolumen,StructureDefinition/sd-mii-icu-koerpertemperatur-halswirbelsaeule,StructureDefinition/sd-mii-icu-koerpertemperatur-nasal,StructureDefinition/sd-mii-icu-o2saettigung-im-arteriellen-blut-durch-pulsoxymetrie,StructureDefinition/sd-mii-icu-pulmonalvaskulaerer-widerstandsindex,StructureDefinition/sd-mii-icu-koerpertemperatur-atemwege,StructureDefinition/sd-mii-icu-monitoring-und-vitaldaten,StructureDefinition/sd-mii-icu-intrakranieller-druck-icp","LOINC"
http://gefyra.info/training/ValueSet/vs-mii-icu-code-monitoring-und-vitaldaten-snomed,0.1.0,active,,VS_MII_ICU_Code_Monitoring_und_Vitaldaten_SNOMED,VS MII ICU Code Monitoring und Vitaldaten [sct],"Dieses ValueSet enthaelt Codes fuer Vitaldaten sowie Daten aus dem Patientenmonitoring.","StructureDefinition/sd-mii-icu-linksventrikulaeres-schlagvolumenindex,StructureDefinition/sd-mii-icu-pulmonalarterieller-wedge-druck,StructureDefinition/sd-mii-icu-linksventri-schlagvolumen-durch-indikatorverduennung,StructureDefinition/sd-mii-icu-koerpertemperatur-brust,StructureDefinition/sd-mii-icu-koerpertemperatur-generisch,StructureDefinition/sd-mii-icu-linksventri-schlagvolumenindex-durch-indikatorverd,StructureDefinition/sd-mii-icu-o2saettigung-im-blut-postduktal-durch-pulsoxymetrie,StructureDefinition/sd-mii-icu-koerpertemperatur-gelenk,StructureDefinition/sd-mii-icu-systemischer-vaskulaerer-widerstandsindex,StructureDefinition/sd-mii-icu-koerpertemperatur-nasen-rachen-raum,StructureDefinition/sd-mii-icu-koerpertemperatur-stirn,StructureDefinition/sd-mii-icu-o2saettigung-im-blut-preduktal-durch-pulsoxymetrie,StructureDefinition/sd-mii-icu-koerpergroesse-percentil-altersabhaengig,StructureDefinition/sd-mii-icu-linksventrikulaerer-herzindex,StructureDefinition/sd-mii-icu-ideales-koerpergewicht,StructureDefinition/sd-mii-icu-koerpertemperatur-lendenwirbelsaeule,StructureDefinition/sd-mii-icu-linksventrikulaeres-schlagvolumen,StructureDefinition/sd-mii-icu-koerpertemperatur-brustwirbelsaeule,StructureDefinition/sd-mii-icu-linksventri-herzindex-durch-indikatorverduennung,StructureDefinition/sd-mii-icu-linksventri-herzzeitvolumen-durch-indikatorverd,StructureDefinition/sd-mii-icu-koerpertemperatur-myokard,StructureDefinition/sd-mii-icu-puls,StructureDefinition/sd-mii-icu-zentralvenoeser-blutdruck,StructureDefinition/sd-mii-icu-koerpergewicht-percentil-altersabhaengig,StructureDefinition/sd-mii-icu-herzzeitvolumen,StructureDefinition/sd-mii-icu-koerpertemperatur-halswirbelsaeule,StructureDefinition/sd-mii-icu-koerpertemperatur-nasal,StructureDefinition/sd-mii-icu-o2saettigung-im-arteriellen-blut-durch-pulsoxymetrie,StructureDefinition/sd-mii-icu-pulmonalvaskulaerer-widerstandsindex,StructureDefinition/sd-mii-icu-koerpertemperatur-atemwege,StructureDefinition/sd-mii-icu-monitoring-und-vitaldaten,StructureDefinition/sd-mii-icu-intrakranieller-druck-icp","SCT"
http://gefyra.info/training/ValueSet/vs-mii-icu-method-observation-blutdruck,0.1.0,active,,VS_MII_ICU_Method_Observation_Blutdruck,VS MII ICU Method Observation Blutdruck,"Dieses ValueSet enthält Codes zur Angabe, ob ein Blutdruck invasiv oder nicht-invasiv gemessen ist. ","StructureDefinition/sd-mii-icu-sonstige-pulsatile-druecke-generisch,StructureDefinition/sd-mii-icu-pulmonalarterieller-blutdruck,StructureDefinition/sd-mii-icu-rechtsventrikulaerer-druck,StructureDefinition/sd-mii-icu-rechtsatrialer-druck,StructureDefinition/sd-mii-icu-linksventrikulaerer-druck,StructureDefinition/sd-mii-icu-linksatrialer-druck","SCT"
http://hl7.org/fhir/ValueSet/account-status,4.0.1,draft,"2.16.840.1.113883.4.642.3.726",AccountStatus,AccountStatus,"Indicates whether the account is available to be used.","StructureDefinition/ISiKAbrechnungsfall","hl7.fhir.r4.core"
http://hl7.org/fhir/ValueSet/account-type,4.0.1,draft,"2.16.840.1.113883.4.642.3.728",AccountTypes,Account Types,"This examples value set defines the set of codes that can be used to represent the type of an account.","StructureDefinition/ISiKAbrechnungsfall","THO (V3)"
http://hl7.org/fhir/ValueSet/additional-instruction-codes,4.0.1,draft,"2.16.840.1.113883.4.642.3.95",SNOMEDCTAdditionalDosageInstructions,SNOMED CT Additional Dosage Instructions,"This value set includes all SNOMED CT Additional Dosage Instructions.","StructureDefinition/ISiKMedikationsVerordnung,StructureDefinition/ISiKMedikationsInformation","SCT"
http://hl7.org/fhir/ValueSet/address-type,4.0.1,active,"2.16.840.1.113883.4.642.3.69",AddressType,AddressType,"The type of an address (physical / postal).","StructureDefinition/ISiKOrganisation,StructureDefinition/ISiKPatient,StructureDefinition/ISiKPersonImGesundheitsberuf,StructureDefinition/ISiKOrganisationFachabteilung,StructureDefinition/ISiKAngehoeriger","hl7.fhir.r4.core"
http://hl7.org/fhir/ValueSet/address-use,4.0.1,active,"2.16.840.1.113883.4.642.3.67",AddressUse,AddressUse,"The use of an address.","StructureDefinition/ISiKOrganisation,StructureDefinition/ISiKPatient,StructureDefinition/ISiKPersonImGesundheitsberuf,StructureDefinition/ISiKOrganisationFachabteilung,StructureDefinition/ISiKAngehoeriger","hl7.fhir.r4.core"
http://hl7.org/fhir/ValueSet/administration-method-codes,4.0.1,draft,"2.16.840.1.113883.4.642.3.97",SNOMEDCTAdministrationMethodCodes,SNOMED CT Administration Method Codes,"This value set includes some method codes from SNOMED CT - provided as an exemplar","StructureDefinition/ISiKMedikationsVerordnung,StructureDefinition/ISiKMedikationsVerabreichung,StructureDefinition/ISiKMedikationsInformation","SCT"
http://hl7.org/fhir/ValueSet/administrative-gender,4.0.1,active,"2.16.840.1.113883.4.642.3.1",AdministrativeGender,AdministrativeGender,"The gender of a person used for administrative purposes.","StructureDefinition/ISiKPatient,StructureDefinition/ISiKPersonImGesundheitsberuf,StructureDefinition/ISiKAngehoeriger","hl7.fhir.r4.core"
http://hl7.org/fhir/ValueSet/allergy-intolerance-category,4.0.1,draft,"2.16.840.1.113883.4.642.3.133",AllergyIntoleranceCategory,AllergyIntoleranceCategory,"Category of an identified substance associated with allergies or intolerances.","StructureDefinition/ISiKAllergieUnvertraeglichkeit","hl7.fhir.r4.core"
http://hl7.org/fhir/ValueSet/allergy-intolerance-criticality,4.0.1,draft,"2.16.840.1.113883.4.642.3.129",AllergyIntoleranceCriticality,AllergyIntoleranceCriticality,"Estimate of the potential clinical harm, or seriousness, of a reaction to an identified substance.","StructureDefinition/ISiKAllergieUnvertraeglichkeit","hl7.fhir.r4.core"
http://hl7.org/fhir/ValueSet/allergy-intolerance-type,4.0.1,draft,"2.16.840.1.113883.4.642.3.131",AllergyIntoleranceType,AllergyIntoleranceType,"Identification of the underlying physiological mechanism for a Reaction Risk.","StructureDefinition/ISiKAllergieUnvertraeglichkeit","hl7.fhir.r4.core"
http://hl7.org/fhir/ValueSet/allergyintolerance-clinical,4.0.1,draft,"2.16.840.1.113883.4.642.3.1372",AllergyIntoleranceClinicalStatusCodes,AllergyIntolerance Clinical Status Codes,"Preferred value set for AllergyIntolerance Clinical Status.","StructureDefinition/ISiKAllergieUnvertraeglichkeit","THO"
http://hl7.org/fhir/ValueSet/allergyintolerance-code,4.0.1,draft,"2.16.840.1.113883.4.642.3.137",AllergyIntoleranceSubstance/Product,ConditionAndNegationCodes,AllergyIntolerance Substance/Product, Condition and Negation Codes,"This value set includes concept codes for specific substances/pharmaceutical products, allergy or intolerance conditions, and negation/exclusion codes to specify the absence of specific types of allergies or intolerances.","StructureDefinition/ISiKAllergieUnvertraeglichkeit","SCT"
http://hl7.org/fhir/ValueSet/allergyintolerance-verification,4.0.1,draft,"2.16.840.1.113883.4.642.3.1370",AllergyIntoleranceVerificationStatusCodes,AllergyIntolerance Verification Status Codes,"Preferred value set for AllergyIntolerance Verification Status.","StructureDefinition/ISiKAllergieUnvertraeglichkeit","THO"
http://hl7.org/fhir/ValueSet/appointmentstatus,4.0.1,draft,"2.16.840.1.113883.4.642.3.484",AppointmentStatus,AppointmentStatus,"The free/busy status of an appointment.","StructureDefinition/ISiKTermin","hl7.fhir.r4.core"
http://hl7.org/fhir/ValueSet/approach-site-codes,4.0.1,draft,"2.16.840.1.113883.4.642.3.346",SNOMEDCTAnatomicalStructureForAdministrationSiteCodes,SNOMED CT Anatomical Structure for Administration Site Codes,"This value set includes Anatomical Structure codes from SNOMED CT - provided as an exemplar.","StructureDefinition/ISiKMedikationsVerordnung,StructureDefinition/ISiKMedikationsVerabreichung,StructureDefinition/ISiKMedikationsInformation","SCT"
http://hl7.org/fhir/ValueSet/body-site,4.0.1,draft,"2.16.840.1.113883.4.642.3.141",SNOMEDCTBodyStructures,SNOMED CT Body Structures,"This value set includes all codes from [SNOMED CT](http://snomed.info/sct) where concept is-a 442083009 (Anatomical or acquired body site (body structure)).","StructureDefinition/ISiKKoerpertemperatur,StructureDefinition/ISiKKoerpergewicht,StructureDefinition/ISiKStillstatus,StructureDefinition/sd-mii-icu-koerpertemperatur-harnblase,StructureDefinition/ISiKSchwangerschaftsstatus,StructureDefinition/ISiKProzedur,StructureDefinition/ISiKLaboruntersuchungHb,StructureDefinition/sd-mii-icu-koerpertemperatur-leiste,StructureDefinition/ISiKLaboruntersuchungTroponin,StructureDefinition/ISiKRaucherStatus,StructureDefinition/sd-mii-icu-koerpertemperatur-trommelfell,StructureDefinition/sd-mii-icu-koerpertemperatur-speiseroehre,StructureDefinition/ISiKEKG,StructureDefinition/ISiKLaboruntersuchungTSH,StructureDefinition/ISiKLaboruntersuchungThrombozyten,StructureDefinition/sd-mii-icu-koerpertemperatur-vaginal,StructureDefinition/ISiKHerzfrequenz,StructureDefinition/ISiKKoerperkerntemperatur,StructureDefinition/ISiKAtemfrequenz,StructureDefinition/ISiKSauerstoffsaettigungArteriell,StructureDefinition/sd-mii-icu-koerpertemperatur-kern,StructureDefinition/ISiKLebensZustand,StructureDefinition/ISiKKoerpergroesse,StructureDefinition/sd-mii-icu-koerpertemperatur-unter-der-zunge,StructureDefinition/ISiKLaboruntersuchungGFR,StructureDefinition/sd-mii-icu-koerpertemperatur-rektal,StructureDefinition/ISiKSchwangerschaftErwarteterEntbindungstermin,StructureDefinition/ISiKKopfumfang,StructureDefinition/ISiKAlkoholAbusus,StructureDefinition/ISiKDiagnose,StructureDefinition/ISiKGCS,StructureDefinition/ISiKLaboruntersuchungPCT,StructureDefinition/ISiKLaboruntersuchungCRP,StructureDefinition/ISiKLaboruntersuchung,StructureDefinition/ISiKLaboruntersuchungSerumkreatinin,StructureDefinition/sd-mii-icu-koerpertemperatur-blut,StructureDefinition/ISiKBlutdruckSystemischArteriell,StructureDefinition/sd-mii-icu-koerpertemperatur-achsel","SCT"
http://hl7.org/fhir/ValueSet/bundle-type,4.0.1,active,"2.16.840.1.113883.4.642.3.620",BundleType,BundleType,"Indicates the purpose of a bundle - how it is intended to be used.","StructureDefinition/ISiKMedikationTransactionResponse,StructureDefinition/ISiKMedikationTransaction,StructureDefinition/ISiKSubscriptionNotification,StructureDefinition/BackportSubscriptionNotificationR4Fixed,StructureDefinition/ISiKBerichtBundle,StructureDefinition/ISiKDokumentenSuchergebnisse","hl7.fhir.r4.core"
http://hl7.org/fhir/ValueSet/c80-doc-typecodes,4.0.1,active,"2.16.840.1.113883.3.88.12.80.47",DocumentTypeValueSet,Document Type Value Set,"This is the code specifying the precise type of document (e.g. Pulmonary History and  Physical, Discharge Summary, Ultrasound Report, etc.). The Document Type value set includes all LOINC  values listed in HITSP C80 Table 2-144 Document Class Value Set Definition above used for Document Class,  and all LOINC values whose SCALE is DOC in the LOINC database.","StructureDefinition/ISiKDokumentenMetadaten","LOINC"
http://hl7.org/fhir/ValueSet/c80-practice-codes,4.0.1,active,"2.16.840.1.113883.3.88.12.80.72",PracticeSettingCodeValueSet,Practice Setting Code Value Set,"This is the code representing the clinical specialty of the clinician or provider who interacted with, treated, or provided a service to/for the patient. The value set used for clinical specialty has been limited by HITSP to the value set reproduced from HITSP C80 Table 2-149 Clinical Specialty Value Set Definition.","StructureDefinition/ISiKTermin,StructureDefinition/ISiKMedizinischeBehandlungseinheit,StructureDefinition/ISiKKalender,StructureDefinition/ISiKTerminblock","SCT"
http://hl7.org/fhir/ValueSet/clinical-findings,4.0.1,draft,"2.16.840.1.113883.4.642.3.232",SNOMEDCTClinicalFindings,SNOMED CT Clinical Findings,"This value set includes all the ""Clinical finding"" [SNOMED CT](http://snomed.info/sct) codes - concepts where concept is-a 404684003 (Clinical finding (finding)).","StructureDefinition/ISiKAllergieUnvertraeglichkeit","SCT"
http://hl7.org/fhir/ValueSet/codesystem-content-mode,4.0.1,active,"2.16.840.1.113883.4.642.3.782",CodeSystemContentMode,CodeSystemContentMode,"The extent of the content of the code system (the concepts and codes it defines) are represented in a code system resource.","StructureDefinition/ISiKCodeSystem","hl7.fhir.r4.core"
http://hl7.org/fhir/ValueSet/codesystem-hierarchy-meaning,4.0.1,active,"2.16.840.1.113883.4.642.3.784",CodeSystemHierarchyMeaning,CodeSystemHierarchyMeaning,"The meaning of the hierarchy of concepts in a code system.","StructureDefinition/ISiKCodeSystem","hl7.fhir.r4.core"
http://hl7.org/fhir/ValueSet/common-tags,4.0.1,draft,"2.16.840.1.113883.4.642.3.79",CommonTags,Common Tags,"Common Tag Codes defined by FHIR project","StructureDefinition/ISiKMedikationTransaction,StructureDefinition/ISiKStandortRaum,StructureDefinition/sd-mii-icu-koerpertemperatur-brust,StructureDefinition/ISiKRaucherStatus,StructureDefinition/sd-mii-icu-o2saettigung-im-blut-postduktal-durch-pulsoxymetrie,StructureDefinition/sd-mii-icu-koerpertemperatur-trommelfell,StructureDefinition/ISiKLaboruntersuchungThrombozyten,StructureDefinition/sd-mii-icu-o2saettigung-im-blut-preduktal-durch-pulsoxymetrie,StructureDefinition/sd-mii-icu-ideales-koerpergewicht,StructureDefinition/sd-mii-icu-linksventrikulaeres-schlagvolumen,StructureDefinition/sd-mii-icu-linksatrialer-druck,StructureDefinition/sd-mii-icu-linksventri-herzindex-durch-indikatorverduennung,StructureDefinition/ISiKBerichtBundle,StructureDefinition/ISiKDiagnose,StructureDefinition/sd-mii-icu-koerpertemperatur-halswirbelsaeule,StructureDefinition/ISiKGCS,StructureDefinition/ISiKMedikationsVerabreichung,StructureDefinition/sd-mii-icu-linksventrikulaerer-druck,StructureDefinition/sd-mii-icu-intrakranieller-druck-icp,StructureDefinition/ISiKKoerpertemperatur,StructureDefinition/ISiKAllergieUnvertraeglichkeit,StructureDefinition/BackportSubscriptionStatusR4Fixed,StructureDefinition/ISiKSchwangerschaftsstatus,StructureDefinition/ISiKKontaktGesundheitseinrichtung,StructureDefinition/sd-mii-icu-linksventri-schlagvolumen-durch-indikatorverduennung,StructureDefinition/ISiKSubscriptionStatus,StructureDefinition/ISiKMedikament,StructureDefinition/sd-mii-icu-koerpertemperatur-leiste,StructureDefinition/sd-mii-icu-koerpertemperatur-generisch,StructureDefinition/ISiKLaboruntersuchungTroponin,StructureDefinition/ISiKDokumentenMetadaten,StructureDefinition/ISiKSubscription,StructureDefinition/sd-mii-icu-linksventri-schlagvolumenindex-durch-indikatorverd,StructureDefinition/ISiKStandortBettenstellplatz,StructureDefinition/sd-mii-icu-systemischer-vaskulaerer-widerstandsindex,StructureDefinition/ISiKMedikationsInformation,StructureDefinition/sd-mii-icu-koerpergroesse-percentil-altersabhaengig,StructureDefinition/ISiKMedikationTransactionResponse,StructureDefinition/ISiKKoerperkerntemperatur,StructureDefinition/ISiKHerzfrequenz,StructureDefinition/ISiKSauerstoffsaettigungArteriell,StructureDefinition/ISiKTermin,StructureDefinition/sd-mii-icu-linksventrikulaerer-herzindex,StructureDefinition/ISiKLebensZustand,StructureDefinition/ISiKBerichtSubSysteme,StructureDefinition/sd-mii-icu-koerpertemperatur-unter-der-zunge,StructureDefinition/sd-mii-icu-koerpertemperatur-rektal,StructureDefinition/ISiKTerminblock,StructureDefinition/sd-mii-icu-linksventri-herzzeitvolumen-durch-indikatorverd,StructureDefinition/sd-mii-icu-koerpertemperatur-myokard,StructureDefinition/ISiKAMTSBewertung,StructureDefinition/ISiKSchwangerschaftErwarteterEntbindungstermin,StructureDefinition/sd-mii-icu-koerpertemperatur-nasal,StructureDefinition/ISiKLaboruntersuchungPCT,StructureDefinition/ISiKLaboruntersuchungCRP,StructureDefinition/ISiKMedizinischeBehandlungseinheit,StructureDefinition/sd-mii-icu-o2saettigung-im-arteriellen-blut-durch-pulsoxymetrie,StructureDefinition/sd-mii-icu-pulmonalvaskulaerer-widerstandsindex,StructureDefinition/sd-mii-icu-rechtsatrialer-druck,StructureDefinition/sd-mii-icu-koerpertemperatur-atemwege,StructureDefinition/ISiKBlutdruckSystemischArteriell,StructureDefinition/sd-mii-icu-monitoring-und-vitaldaten,StructureDefinition/sd-mii-icu-koerpertemperatur-achsel,StructureDefinition/ISiKKoerpergewicht,StructureDefinition/ISiKMedikationsVerordnung,StructureDefinition/sd-mii-icu-linksventrikulaeres-schlagvolumenindex,StructureDefinition/sd-mii-icu-koerpertemperatur-harnblase,StructureDefinition/ISiKKalender,StructureDefinition/ISiKLaboruntersuchungHb,StructureDefinition/ISiKValueSet,StructureDefinition/ISiKDokumentenSuchergebnisse,StructureDefinition/ISiKOrganisationFachabteilung,StructureDefinition/ISiKBinary,StructureDefinition/sd-mii-icu-koerpertemperatur-gelenk,StructureDefinition/sd-mii-icu-koerpertemperatur-nasen-rachen-raum,StructureDefinition/ISiKLaboruntersuchungTSH,StructureDefinition/sd-mii-icu-koerpertemperatur-vaginal,StructureDefinition/sd-mii-icu-pulmonalarterieller-blutdruck,StructureDefinition/sd-mii-icu-koerpertemperatur-lendenwirbelsaeule,StructureDefinition/ISiKStandort,StructureDefinition/ISiKKoerpergroesse,StructureDefinition/sd-mii-icu-koerpertemperatur-brustwirbelsaeule,StructureDefinition/ISiKMedikationsListe,StructureDefinition/ISiKTerminKontaktMitGesundheitseinrichtung,StructureDefinition/ISiKCodeSystem,StructureDefinition/sd-mii-icu-zentralvenoeser-blutdruck,StructureDefinition/sd-mii-icu-herzzeitvolumen,StructureDefinition/ISiKLaboruntersuchung,StructureDefinition/ISiKLaboruntersuchungSerumkreatinin,StructureDefinition/sd-mii-icu-koerpertemperatur-blut,StructureDefinition/ISiKAbrechnungsfall,StructureDefinition/BackportSubscriptionNotificationR4Fixed,StructureDefinition/ISiKFormularDaten,StructureDefinition/sd-mii-icu-pulmonalarterieller-wedge-druck,StructureDefinition/ISiKStillstatus,StructureDefinition/ISiKSubscriptionNotification,StructureDefinition/ISiKProzedur,StructureDefinition/ISiKAngehoeriger,StructureDefinition/sd-mii-icu-koerpertemperatur-speiseroehre,StructureDefinition/ISiKEKG,StructureDefinition/sd-mii-icu-koerpertemperatur-stirn,StructureDefinition/sd-mii-icu-koerpertemperatur-kern,StructureDefinition/ISiKAtemfrequenz,StructureDefinition/sd-mii-icu-sonstige-pulsatile-druecke-generisch,StructureDefinition/ISiKLaboruntersuchungGFR,StructureDefinition/ISiKPatient,StructureDefinition/ISiKPersonImGesundheitsberuf,StructureDefinition/sd-mii-icu-puls,StructureDefinition/ISiKKopfumfang,StructureDefinition/sd-mii-icu-koerpergewicht-percentil-altersabhaengig,StructureDefinition/ISiKAlkoholAbusus,StructureDefinition/sd-mii-icu-rechtsventrikulaerer-druck,StructureDefinition/ISiKFormularDefinition","THO"
http://hl7.org/fhir/ValueSet/composition-attestation-mode,4.0.1,draft,"2.16.840.1.113883.4.642.3.238",CompositionAttestationMode,CompositionAttestationMode,"The way in which a person authenticated a composition.","StructureDefinition/ISiKBerichtSubSysteme","hl7.fhir.r4.core"
http://hl7.org/fhir/ValueSet/composition-status,4.0.1,draft,"2.16.840.1.113883.4.642.3.241",CompositionStatus,CompositionStatus,"The workflow/clinical status of the composition.","StructureDefinition/ISiKDokumentenMetadaten,OperationDefinition/UpdateMetadata,StructureDefinition/ISiKBerichtSubSysteme","hl7.fhir.r4.core"
http://hl7.org/fhir/ValueSet/concept-property-type,4.0.1,active,"2.16.840.1.113883.4.642.3.780",PropertyType,PropertyType,"The type of a property value.","StructureDefinition/ISiKCodeSystem","hl7.fhir.r4.core"
http://hl7.org/fhir/ValueSet/condition-category,4.0.1,draft,"2.16.840.1.113883.4.642.3.162",ConditionCategoryCodes,Condition Category Codes,"Preferred value set for Condition Categories.","StructureDefinition/ISiKDiagnose","THO"
http://hl7.org/fhir/ValueSet/condition-clinical,4.0.1,draft,"2.16.840.1.113883.4.642.3.164",ConditionClinicalStatusCodes,Condition Clinical Status Codes,"Preferred value set for Condition Clinical Status.","StructureDefinition/ISiKDiagnose","THO"
http://hl7.org/fhir/ValueSet/condition-code,4.0.1,draft,"2.16.840.1.113883.4.642.3.161",Condition/Problem/DiagnosisCodes,Condition/Problem/Diagnosis Codes,"Example value set for Condition/Problem/Diagnosis codes.","StructureDefinition/ISiKDiagnose,StructureDefinition/ISiKMedikationsVerordnung,StructureDefinition/ISiKProzedur,StructureDefinition/ISiKMedikationsInformation","SCT"
http://hl7.org/fhir/ValueSet/condition-severity,4.0.1,draft,"2.16.840.1.113883.4.642.3.168",Condition/DiagnosisSeverity,Condition/Diagnosis Severity,"Preferred value set for Condition/Diagnosis severity grading.","StructureDefinition/ISiKDiagnose","SCT"
http://hl7.org/fhir/ValueSet/condition-stage,4.0.1,draft,"2.16.840.1.113883.4.642.3.170",ConditionStage,Condition Stage,"Example value set for stages of cancer and other conditions.","StructureDefinition/ISiKDiagnose","SCT"
http://hl7.org/fhir/ValueSet/condition-stage-type,4.0.1,draft,"2.16.840.1.113883.4.642.3.171",ConditionStageType,Condition Stage Type,"Example value set for the type of stages of cancer and other conditions","StructureDefinition/ISiKDiagnose","SCT"
http://hl7.org/fhir/ValueSet/condition-ver-status,4.0.1,draft,"2.16.840.1.113883.4.642.3.166",ConditionVerificationStatus,ConditionVerificationStatus,"The verification status to support or decline the clinical status of the condition or diagnosis.","StructureDefinition/ISiKDiagnose","THO"
http://hl7.org/fhir/ValueSet/contact-point-system,4.0.1,active,"2.16.840.1.113883.4.642.3.71",ContactPointSystem,ContactPointSystem,"Telecommunications form for contact point.","StructureDefinition/ISiKPatient,StructureDefinition/ISiKPersonImGesundheitsberuf,StructureDefinition/ISiKAngehoeriger","hl7.fhir.r4.core"
http://hl7.org/fhir/ValueSet/contact-point-use,4.0.1,active,"2.16.840.1.113883.4.642.3.73",ContactPointUse,ContactPointUse,"Use of contact point.","StructureDefinition/ISiKPatient,StructureDefinition/ISiKPersonImGesundheitsberuf,StructureDefinition/ISiKAngehoeriger","hl7.fhir.r4.core"
http://hl7.org/fhir/ValueSet/contactentity-type,4.0.1,draft,"2.16.840.1.113883.4.642.3.416",ContactEntityType,Contact entity type,"This example value set defines a set of codes that can be used to indicate the purpose for which you would contact a contact party.","StructureDefinition/ISiKOrganisation,StructureDefinition/ISiKOrganisationFachabteilung","THO"
http://hl7.org/fhir/ValueSet/coverage-class,4.0.1,draft,"2.16.840.1.113883.4.642.3.1009",CoverageClassCodes,Coverage Class Codes,"This value set includes Coverage Class codes.","StructureDefinition/ISiKVersicherungsverhaeltnisSonstige,StructureDefinition/ISiKVersicherungsverhaeltnisSelbstzahler,StructureDefinition/ISiKVersicherungsverhaeltnisGesetzlich","THO"
http://hl7.org/fhir/ValueSet/coverage-copay-type,4.0.1,draft,"2.16.840.1.113883.4.642.3.527",CoverageCopayTypeCodes,Coverage Copay Type Codes,"This value set includes sample Coverage Copayment Type codes.","StructureDefinition/ISiKVersicherungsverhaeltnisSonstige,StructureDefinition/ISiKVersicherungsverhaeltnisSelbstzahler,StructureDefinition/ISiKVersicherungsverhaeltnisGesetzlich","THO"
http://hl7.org/fhir/ValueSet/coverage-financial-exception,4.0.1,draft,"2.16.840.1.113883.4.642.3.1328",ExampleCoverageFinancialExceptionCodes,Example Coverage Financial Exception Codes,"This value set includes Example Coverage Financial Exception Codes.","StructureDefinition/ISiKVersicherungsverhaeltnisSonstige,StructureDefinition/ISiKVersicherungsverhaeltnisSelbstzahler,StructureDefinition/ISiKVersicherungsverhaeltnisGesetzlich","THO"
http://hl7.org/fhir/ValueSet/data-absent-reason,4.0.1,active,"2.16.840.1.113883.4.642.3.5",DataAbsentReason,DataAbsentReason,"Used to specify why the normally expected content of the data element is missing.","StructureDefinition/ISiKKoerpergewicht,StructureDefinition/sd-mii-icu-linksventrikulaeres-schlagvolumenindex,StructureDefinition/sd-mii-icu-koerpertemperatur-harnblase,StructureDefinition/ISiKLaboruntersuchungHb,StructureDefinition/sd-mii-icu-koerpertemperatur-brust,StructureDefinition/ISiKRaucherStatus,StructureDefinition/sd-mii-icu-o2saettigung-im-blut-postduktal-durch-pulsoxymetrie,StructureDefinition/sd-mii-icu-koerpertemperatur-gelenk,StructureDefinition/sd-mii-icu-koerpertemperatur-trommelfell,StructureDefinition/ISiKLaboruntersuchungTSH,StructureDefinition/sd-mii-icu-koerpertemperatur-nasen-rachen-raum,StructureDefinition/ISiKLaboruntersuchungThrombozyten,StructureDefinition/sd-mii-icu-koerpertemperatur-vaginal,StructureDefinition/sd-mii-icu-o2saettigung-im-blut-preduktal-durch-pulsoxymetrie,StructureDefinition/sd-mii-icu-pulmonalarterieller-blutdruck,StructureDefinition/sd-mii-icu-ideales-koerpergewicht,StructureDefinition/sd-mii-icu-koerpertemperatur-lendenwirbelsaeule,StructureDefinition/sd-mii-icu-linksventrikulaeres-schlagvolumen,StructureDefinition/ISiKKoerpergroesse,StructureDefinition/sd-mii-icu-koerpertemperatur-brustwirbelsaeule,StructureDefinition/sd-mii-icu-linksatrialer-druck,StructureDefinition/sd-mii-icu-linksventri-herzindex-durch-indikatorverduennung,StructureDefinition/sd-mii-icu-zentralvenoeser-blutdruck,StructureDefinition/sd-mii-icu-herzzeitvolumen,StructureDefinition/ISiKGCS,StructureDefinition/sd-mii-icu-koerpertemperatur-halswirbelsaeule,StructureDefinition/ISiKLaboruntersuchungSerumkreatinin,StructureDefinition/ISiKLaboruntersuchung,StructureDefinition/sd-mii-icu-koerpertemperatur-blut,StructureDefinition/sd-mii-icu-linksventrikulaerer-druck,StructureDefinition/sd-mii-icu-intrakranieller-druck-icp,StructureDefinition/ISiKKoerpertemperatur,StructureDefinition/sd-mii-icu-pulmonalarterieller-wedge-druck,StructureDefinition/ISiKStillstatus,StructureDefinition/ISiKSchwangerschaftsstatus,StructureDefinition/sd-mii-icu-linksventri-schlagvolumen-durch-indikatorverduennung,StructureDefinition/sd-mii-icu-koerpertemperatur-leiste,StructureDefinition/sd-mii-icu-koerpertemperatur-generisch,StructureDefinition/ISiKLaboruntersuchungTroponin,StructureDefinition/sd-mii-icu-linksventri-schlagvolumenindex-durch-indikatorverd,StructureDefinition/sd-mii-icu-koerpertemperatur-speiseroehre,StructureDefinition/ISiKEKG,StructureDefinition/sd-mii-icu-systemischer-vaskulaerer-widerstandsindex,StructureDefinition/sd-mii-icu-koerpertemperatur-stirn,StructureDefinition/sd-mii-icu-koerpergroesse-percentil-altersabhaengig,StructureDefinition/ISiKHerzfrequenz,StructureDefinition/ISiKKoerperkerntemperatur,StructureDefinition/ISiKSauerstoffsaettigungArteriell,StructureDefinition/sd-mii-icu-koerpertemperatur-kern,StructureDefinition/ISiKAtemfrequenz,StructureDefinition/sd-mii-icu-sonstige-pulsatile-druecke-generisch,StructureDefinition/sd-mii-icu-linksventrikulaerer-herzindex,StructureDefinition/ISiKLebensZustand,StructureDefinition/sd-mii-icu-koerpertemperatur-unter-der-zunge,StructureDefinition/ISiKLaboruntersuchungGFR,StructureDefinition/sd-mii-icu-koerpertemperatur-rektal,StructureDefinition/ISiKPatient,StructureDefinition/sd-mii-icu-linksventri-herzzeitvolumen-durch-indikatorverd,StructureDefinition/sd-mii-icu-koerpertemperatur-myokard,StructureDefinition/ISiKSchwangerschaftErwarteterEntbindungstermin,StructureDefinition/sd-mii-icu-puls,StructureDefinition/ISiKKopfumfang,StructureDefinition/sd-mii-icu-koerpergewicht-percentil-altersabhaengig,StructureDefinition/ISiKAlkoholAbusus,StructureDefinition/sd-mii-icu-koerpertemperatur-nasal,StructureDefinition/sd-mii-icu-rechtsventrikulaerer-druck,StructureDefinition/ISiKLaboruntersuchungPCT,StructureDefinition/ISiKLaboruntersuchungCRP,StructureDefinition/sd-mii-icu-o2saettigung-im-arteriellen-blut-durch-pulsoxymetrie,StructureDefinition/sd-mii-icu-pulmonalvaskulaerer-widerstandsindex,StructureDefinition/sd-mii-icu-rechtsatrialer-druck,StructureDefinition/sd-mii-icu-koerpertemperatur-atemwege,StructureDefinition/ISiKBlutdruckSystemischArteriell,StructureDefinition/sd-mii-icu-monitoring-und-vitaldaten,StructureDefinition/sd-mii-icu-koerpertemperatur-achsel","THO"
http://hl7.org/fhir/ValueSet/days-of-week,4.0.1,active,"2.16.840.1.113883.4.642.3.512",DaysOfWeek,DaysOfWeek,"The days of the week.","StructureDefinition/ISiKMedikationsVerordnung,StructureDefinition/ISiKStandortRaum,StructureDefinition/ISiKStandort,StructureDefinition/ISiKMedizinischeBehandlungseinheit,StructureDefinition/ISiKStandortBettenstellplatz,StructureDefinition/ISiKMedikationsInformation","hl7.fhir.r4.core"
http://hl7.org/fhir/ValueSet/designation-use,4.0.1,active,"2.16.840.1.113883.4.642.3.264",DesignationUse,Designation Use,"Details of how a designation would be used","StructureDefinition/ISiKValueSet,StructureDefinition/ISiKCodeSystem","SCT"
http://hl7.org/fhir/ValueSet/device-action,4.0.1,draft,"2.16.840.1.113883.4.642.3.425",ProcedureDeviceActionCodes,Procedure Device Action Codes,"Example codes indicating the change that happened to the device during the procedure.  Note that these are in no way complete and might not even be appropriate for some uses.","StructureDefinition/ISiKProzedur","SCT"
http://hl7.org/fhir/ValueSet/device-kind,4.0.1,draft,"2.16.840.1.113883.4.642.3.208",FHIRDeviceTypes,FHIR Device Types,"Codes used to identify medical devices. Includes concepts from SNOMED CT (http://www.snomed.org/) where concept is-a 49062001 (Device)  and is provided as a suggestive example.","StructureDefinition/ISiKProzedur","SCT"
http://hl7.org/fhir/ValueSet/diagnosis-role,4.0.1,draft,"2.16.840.1.113883.4.642.3.49",DiagnosisRole,DiagnosisRole,"This value set defines a set of codes that can be used to express the role of a diagnosis on the Encounter or EpisodeOfCare record.","StructureDefinition/ISiKKontaktGesundheitseinrichtung,StructureDefinition/ISiKTerminKontaktMitGesundheitseinrichtung","THO"
http://hl7.org/fhir/ValueSet/doc-section-codes,4.0.1,draft,"2.16.840.1.113883.4.642.3.237",DocumentSectionCodes,Document Section Codes,"Document section codes (LOINC codes used in CCDA sections).","StructureDefinition/ISiKBerichtSubSysteme","LOINC"
http://hl7.org/fhir/ValueSet/doc-typecodes,4.0.1,draft,"2.16.840.1.113883.4.642.3.240",FHIRDocumentTypeCodes,FHIR Document Type Codes,"FHIR Document Codes - all LOINC codes where scale type = 'DOC'.","StructureDefinition/ISiKBerichtSubSysteme","LOINC"
http://hl7.org/fhir/ValueSet/document-classcodes,4.0.1,active,"2.16.840.1.113883.3.88.12.80.46",DocumentClassValueSet,Document Class Value Set,"This is the code specifying the high-level kind of document (e.g. Prescription, Discharge Summary, Report, etc.). Note: Class code for documents comes from LOINC, and is based upon one of the following:The type of service described by the document. It is described at a very high level in Section 7.3 of the LOINC Manual. The type study performed. It was determined by identifying modalities for study reports. The section of the chart where the document is placed. It was determined from the SETs created for Claims Attachment requests.","StructureDefinition/ISiKDokumentenMetadaten,StructureDefinition/ISiKBerichtSubSysteme","LOINC"
http://hl7.org/fhir/ValueSet/document-reference-status,4.0.1,draft,"2.16.840.1.113883.4.642.3.7",DocumentReferenceStatus,DocumentReferenceStatus,"The status of the document reference.","StructureDefinition/ISiKDokumentenMetadaten","hl7.fhir.r4.core"
http://hl7.org/fhir/ValueSet/document-relationship-type,4.0.1,draft,"2.16.840.1.113883.4.642.3.244",DocumentRelationshipType,DocumentRelationshipType,"The type of relationship between documents.","StructureDefinition/ISiKDokumentenMetadaten,StructureDefinition/ISiKBerichtSubSysteme","hl7.fhir.r4.core"
http://hl7.org/fhir/ValueSet/dose-rate-type,4.0.1,draft,"2.16.840.1.113883.4.642.3.981",DoseAndRateType,DoseAndRateType,"The kind of dose or rate specified.","StructureDefinition/ISiKMedikationsVerordnung,StructureDefinition/ISiKMedikationsInformation","THO"
http://hl7.org/fhir/ValueSet/encounter-diet,4.0.1,draft,"2.16.840.1.113883.4.642.3.255",Diet,Diet,"This value set defines a set of codes that can be used to indicate dietary preferences or restrictions a patient may have.","StructureDefinition/ISiKKontaktGesundheitseinrichtung,StructureDefinition/ISiKTerminKontaktMitGesundheitseinrichtung","THO"
http://hl7.org/fhir/ValueSet/encounter-discharge-disposition,4.0.1,draft,"2.16.840.1.113883.4.642.3.259",DischargeDisposition,Discharge disposition,"This value set defines a set of codes that can be used to where the patient left the hospital.","StructureDefinition/ISiKKontaktGesundheitseinrichtung,StructureDefinition/ISiKTerminKontaktMitGesundheitseinrichtung","THO"
http://hl7.org/fhir/ValueSet/encounter-location-status,4.0.1,draft,"2.16.840.1.113883.4.642.3.262",EncounterLocationStatus,EncounterLocationStatus,"The status of the location.","StructureDefinition/ISiKKontaktGesundheitseinrichtung,StructureDefinition/ISiKTerminKontaktMitGesundheitseinrichtung","hl7.fhir.r4.core"
http://hl7.org/fhir/ValueSet/encounter-participant-type,4.0.1,draft,"2.16.840.1.113883.4.642.3.250",ParticipantType,Participant type,"This value set defines a set of codes that can be used to indicate how an individual participates in an encounter.","StructureDefinition/ISiKTermin,StructureDefinition/ISiKKontaktGesundheitseinrichtung,StructureDefinition/ISiKTerminKontaktMitGesundheitseinrichtung","THO (V3),THO"
http://hl7.org/fhir/ValueSet/encounter-reason,4.0.1,draft,"2.16.840.1.113883.4.642.3.261",EncounterReasonCodes,Encounter Reason Codes,"This examples value set defines the set of codes that can be used to indicate reasons for an encounter.","StructureDefinition/ISiKTermin,StructureDefinition/ISiKKontaktGesundheitseinrichtung,StructureDefinition/ISiKTerminKontaktMitGesundheitseinrichtung","SCT"
http://hl7.org/fhir/ValueSet/encounter-special-arrangements,4.0.1,draft,"2.16.840.1.113883.4.642.3.253",SpecialArrangements,Special arrangements,"This value set defines a set of codes that can be used to indicate the kinds of special arrangements in place for a patients visit.","StructureDefinition/ISiKKontaktGesundheitseinrichtung,StructureDefinition/ISiKTerminKontaktMitGesundheitseinrichtung","THO"
http://hl7.org/fhir/ValueSet/encounter-special-courtesy,4.0.1,draft,"2.16.840.1.113883.4.642.3.252",SpecialCourtesy,Special courtesy,"This value set defines a set of codes that can be used to indicate special courtesies provided to the patient.","StructureDefinition/ISiKKontaktGesundheitseinrichtung,StructureDefinition/ISiKTerminKontaktMitGesundheitseinrichtung","THO (V3)"
http://hl7.org/fhir/ValueSet/encounter-status,4.0.1,draft,"2.16.840.1.113883.4.642.3.246",EncounterStatus,EncounterStatus,"Current state of the encounter.","StructureDefinition/ISiKKontaktGesundheitseinrichtung,StructureDefinition/ISiKTerminKontaktMitGesundheitseinrichtung","hl7.fhir.r4.core"
http://hl7.org/fhir/ValueSet/encounter-type,4.0.1,draft,"2.16.840.1.113883.4.642.3.248",EncounterType,Encounter type,"This example value set defines a set of codes that can be used to indicate the type of encounter: a specific code indicating type of service provided.","StructureDefinition/ISiKKontaktGesundheitseinrichtung,StructureDefinition/ISiKTerminKontaktMitGesundheitseinrichtung","THO"
http://hl7.org/fhir/ValueSet/event-status,4.0.1,draft,"2.16.840.1.113883.4.642.3.109",EventStatus,EventStatus,"Codes identifying the lifecycle stage of an event.","StructureDefinition/ISiKProzedur","hl7.fhir.r4.core"
http://hl7.org/fhir/ValueSet/event-timing,4.0.1,active,"2.16.840.1.113883.4.642.3.75",EventTiming,EventTiming,"Real world event relating to the schedule.","StructureDefinition/ISiKMedikationsVerordnung,StructureDefinition/ISiKMedikationsInformation","THO (V3),hl7.fhir.r4.core"
http://hl7.org/fhir/ValueSet/filter-operator,4.0.1,active,"2.16.840.1.113883.4.642.3.478",FilterOperator,FilterOperator,"The kind of operation to perform as a part of a property based filter.","StructureDefinition/ISiKValueSet,StructureDefinition/ISiKCodeSystem","hl7.fhir.r4.core"
http://hl7.org/fhir/ValueSet/fm-status,4.0.1,draft,"2.16.840.1.113883.4.642.3.592",FinancialResourceStatusCodes,Financial Resource Status Codes,"This value set includes Status codes.","StructureDefinition/ISiKVersicherungsverhaeltnisSonstige,StructureDefinition/ISiKVersicherungsverhaeltnisSelbstzahler,StructureDefinition/ISiKVersicherungsverhaeltnisGesetzlich","hl7.fhir.r4.core"
http://hl7.org/fhir/ValueSet/http-verb,4.0.1,active,"2.16.840.1.113883.4.642.3.624",HTTPVerb,HTTPVerb,"HTTP verbs (in the HTTP command line). See [HTTP rfc](https://tools.ietf.org/html/rfc7231) for details.","StructureDefinition/ISiKMedikationTransactionResponse,StructureDefinition/ISiKMedikationTransaction,StructureDefinition/ISiKSubscriptionNotification,StructureDefinition/BackportSubscriptionNotificationR4Fixed,StructureDefinition/ISiKBerichtBundle,StructureDefinition/ISiKDokumentenSuchergebnisse","hl7.fhir.r4.core"
http://hl7.org/fhir/ValueSet/identifier-type,4.0.1,active,"2.16.840.1.113883.4.642.3.45",Identifier Type Codes,IdentifierType,"A coded type for an identifier that can be used to determine which identifier to use for a specific purpose.","StructureDefinition/ISiKBerichtSubSysteme,StructureDefinition/ISiKKontaktGesundheitseinrichtung,StructureDefinition/ISiKLaboruntersuchungGFR,StructureDefinition/ISiKOrganisation,StructureDefinition/ISiKTerminKontaktMitGesundheitseinrichtung,StructureDefinition/ISiKLaboruntersuchungHb,StructureDefinition/ISiKPersonImGesundheitsberuf,StructureDefinition/ISiKOrganisationFachabteilung,StructureDefinition/ISiKLaboruntersuchungCRP,StructureDefinition/ISiKLaboruntersuchungTroponin,StructureDefinition/ISiKLaboruntersuchungPCT,StructureDefinition/ISiKDokumentenMetadaten,StructureDefinition/ISiKLaboruntersuchung,StructureDefinition/ISiKLaboruntersuchungSerumkreatinin,StructureDefinition/ISiKLaboruntersuchungTSH,StructureDefinition/ISiKLaboruntersuchungThrombozyten","THO (V2)"
http://hl7.org/fhir/ValueSet/identifier-use,4.0.1,active,"2.16.840.1.113883.4.642.3.57",IdentifierUse,IdentifierUse,"Identifies the purpose for this identifier, if known .","StructureDefinition/ISiKBerichtSubSysteme,StructureDefinition/ISiKKontaktGesundheitseinrichtung,StructureDefinition/ISiKLaboruntersuchungGFR,StructureDefinition/ISiKOrganisation,StructureDefinition/ISiKPatient,StructureDefinition/ISiKTerminKontaktMitGesundheitseinrichtung,StructureDefinition/ISiKLaboruntersuchungHb,StructureDefinition/ISiKPersonImGesundheitsberuf,StructureDefinition/ISiKOrganisationFachabteilung,StructureDefinition/ISiKVersicherungsverhaeltnisGesetzlich,StructureDefinition/ISiKLaboruntersuchungCRP,StructureDefinition/ISiKLaboruntersuchungTroponin,StructureDefinition/ISiKLaboruntersuchungPCT,StructureDefinition/ISiKDokumentenMetadaten,StructureDefinition/ISiKLaboruntersuchung,StructureDefinition/ISiKLaboruntersuchungSerumkreatinin,StructureDefinition/ISiKAbrechnungsfall,StructureDefinition/ISiKLaboruntersuchungTSH,StructureDefinition/ISiKLaboruntersuchungThrombozyten","hl7.fhir.r4.core"
http://hl7.org/fhir/ValueSet/iso3166-1-2,4.0.1,active,,Iso3166-1-2,Iso 3166 Part 1: 2 Letter Codes,"This value set defines the ISO 3166 Part 1 2-letter codes","StructureDefinition/ISiKOrganisation,StructureDefinition/ISiKPatient,StructureDefinition/ISiKPersonImGesundheitsberuf,StructureDefinition/ISiKOrganisationFachabteilung,StructureDefinition/ISiKAngehoeriger","hl7.terminology.r4"
http://hl7.org/fhir/ValueSet/item-type,4.0.1,draft,"2.16.840.1.113883.4.642.3.444",QuestionnaireItemType,QuestionnaireItemType,"Distinguishes groups from questions and display text and indicates data type for questions.","StructureDefinition/ISiKFormularDefinition","hl7.fhir.r4.core"
http://hl7.org/fhir/ValueSet/jurisdiction,4.0.1,active,"2.16.840.1.113883.4.642.3.48",Jurisdiction ValueSet,Jurisdiction,"This value set defines a base set of codes for country, country subdivision and region    for indicating where a resource is intended to be used.             Note: The codes for countries and country subdivisions are taken from    [ISO 3166](https://www.iso.org/iso-3166-country-codes.html)    while the codes for ""supra-national"" regions are from    [UN Standard country or area codes for statistical use (M49)](http://unstats.un.org/unsd/methods/m49/m49.htm).","StructureDefinition/ISiKFormularDefinition,StructureDefinition/ISiKValueSet,StructureDefinition/ISiKCodeSystem","hl7.terminology.r4,Other"
http://hl7.org/fhir/ValueSet/languages,4.0.1,draft,"2.16.840.1.113883.4.642.3.20",CommonLanguages,Common Languages,"This value set includes common codes from BCP-47 (http://tools.ietf.org/html/bcp47)","StructureDefinition/ISiKMedikationTransaction,StructureDefinition/ISiKStandortRaum,StructureDefinition/ISiKOrganisation,StructureDefinition/sd-mii-icu-koerpertemperatur-brust,StructureDefinition/ISiKRaucherStatus,StructureDefinition/sd-mii-icu-o2saettigung-im-blut-postduktal-durch-pulsoxymetrie,StructureDefinition/sd-mii-icu-koerpertemperatur-trommelfell,StructureDefinition/ISiKLaboruntersuchungThrombozyten,StructureDefinition/sd-mii-icu-o2saettigung-im-blut-preduktal-durch-pulsoxymetrie,StructureDefinition/sd-mii-icu-ideales-koerpergewicht,StructureDefinition/ISiKVersicherungsverhaeltnisSonstige,StructureDefinition/sd-mii-icu-linksventrikulaeres-schlagvolumen,StructureDefinition/sd-mii-icu-linksatrialer-druck,StructureDefinition/sd-mii-icu-linksventri-herzindex-durch-indikatorverduennung,StructureDefinition/ISiKBerichtBundle,StructureDefinition/ISiKDiagnose,StructureDefinition/sd-mii-icu-koerpertemperatur-halswirbelsaeule,StructureDefinition/ISiKGCS,StructureDefinition/ISiKMedikationsVerabreichung,StructureDefinition/sd-mii-icu-linksventrikulaerer-druck,StructureDefinition/sd-mii-icu-intrakranieller-druck-icp,StructureDefinition/ISiKKoerpertemperatur,StructureDefinition/ISiKAllergieUnvertraeglichkeit,StructureDefinition/BackportSubscriptionStatusR4Fixed,StructureDefinition/ISiKSchwangerschaftsstatus,StructureDefinition/ISiKKontaktGesundheitseinrichtung,StructureDefinition/ISiKVersicherungsverhaeltnisSelbstzahler,StructureDefinition/sd-mii-icu-linksventri-schlagvolumen-durch-indikatorverduennung,StructureDefinition/ISiKSubscriptionStatus,StructureDefinition/ISiKMedikament,StructureDefinition/sd-mii-icu-koerpertemperatur-leiste,StructureDefinition/sd-mii-icu-koerpertemperatur-generisch,StructureDefinition/ISiKLaboruntersuchungTroponin,StructureDefinition/ISiKDokumentenMetadaten,StructureDefinition/ISiKSubscription,StructureDefinition/sd-mii-icu-linksventri-schlagvolumenindex-durch-indikatorverd,StructureDefinition/ISiKStandortBettenstellplatz,StructureDefinition/sd-mii-icu-systemischer-vaskulaerer-widerstandsindex,StructureDefinition/ISiKMedikationsInformation,StructureDefinition/sd-mii-icu-koerpergroesse-percentil-altersabhaengig,StructureDefinition/ISiKMedikationTransactionResponse,StructureDefinition/ISiKKoerperkerntemperatur,StructureDefinition/ISiKHerzfrequenz,StructureDefinition/ISiKSauerstoffsaettigungArteriell,StructureDefinition/ISiKTermin,StructureDefinition/sd-mii-icu-linksventrikulaerer-herzindex,StructureDefinition/ISiKLebensZustand,StructureDefinition/ISiKBerichtSubSysteme,StructureDefinition/sd-mii-icu-koerpertemperatur-unter-der-zunge,StructureDefinition/sd-mii-icu-koerpertemperatur-rektal,StructureDefinition/ISiKTerminblock,StructureDefinition/sd-mii-icu-linksventri-herzzeitvolumen-durch-indikatorverd,StructureDefinition/sd-mii-icu-koerpertemperatur-myokard,StructureDefinition/ISiKAMTSBewertung,StructureDefinition/ISiKSchwangerschaftErwarteterEntbindungstermin,StructureDefinition/sd-mii-icu-koerpertemperatur-nasal,StructureDefinition/ISiKLaboruntersuchungPCT,StructureDefinition/ISiKLaboruntersuchungCRP,StructureDefinition/ISiKMedizinischeBehandlungseinheit,StructureDefinition/sd-mii-icu-o2saettigung-im-arteriellen-blut-durch-pulsoxymetrie,StructureDefinition/sd-mii-icu-pulmonalvaskulaerer-widerstandsindex,StructureDefinition/sd-mii-icu-rechtsatrialer-druck,StructureDefinition/sd-mii-icu-koerpertemperatur-atemwege,StructureDefinition/ISiKBlutdruckSystemischArteriell,StructureDefinition/sd-mii-icu-monitoring-und-vitaldaten,StructureDefinition/sd-mii-icu-koerpertemperatur-achsel,StructureDefinition/ISiKKoerpergewicht,StructureDefinition/ISiKMedikationsVerordnung,StructureDefinition/sd-mii-icu-linksventrikulaeres-schlagvolumenindex,StructureDefinition/sd-mii-icu-koerpertemperatur-harnblase,StructureDefinition/ISiKKalender,StructureDefinition/ISiKLaboruntersuchungHb,StructureDefinition/ISiKValueSet,StructureDefinition/ISiKDokumentenSuchergebnisse,StructureDefinition/ISiKOrganisationFachabteilung,StructureDefinition/ISiKBinary,StructureDefinition/sd-mii-icu-koerpertemperatur-gelenk,StructureDefinition/sd-mii-icu-koerpertemperatur-nasen-rachen-raum,StructureDefinition/ISiKLaboruntersuchungTSH,StructureDefinition/sd-mii-icu-koerpertemperatur-vaginal,StructureDefinition/sd-mii-icu-pulmonalarterieller-blutdruck,StructureDefinition/sd-mii-icu-koerpertemperatur-lendenwirbelsaeule,StructureDefinition/ISiKStandort,StructureDefinition/ISiKKoerpergroesse,StructureDefinition/sd-mii-icu-koerpertemperatur-brustwirbelsaeule,StructureDefinition/ISiKMedikationsListe,StructureDefinition/ISiKTerminKontaktMitGesundheitseinrichtung,StructureDefinition/ISiKCodeSystem,StructureDefinition/ISiKVersicherungsverhaeltnisGesetzlich,StructureDefinition/sd-mii-icu-zentralvenoeser-blutdruck,StructureDefinition/sd-mii-icu-herzzeitvolumen,StructureDefinition/ISiKLaboruntersuchung,StructureDefinition/ISiKLaboruntersuchungSerumkreatinin,StructureDefinition/sd-mii-icu-koerpertemperatur-blut,StructureDefinition/ISiKAbrechnungsfall,StructureDefinition/BackportSubscriptionNotificationR4Fixed,StructureDefinition/ISiKFormularDaten,StructureDefinition/sd-mii-icu-pulmonalarterieller-wedge-druck,StructureDefinition/ISiKStillstatus,StructureDefinition/ISiKSubscriptionNotification,StructureDefinition/ISiKProzedur,StructureDefinition/ISiKAngehoeriger,StructureDefinition/sd-mii-icu-koerpertemperatur-speiseroehre,StructureDefinition/ISiKEKG,StructureDefinition/sd-mii-icu-koerpertemperatur-stirn,StructureDefinition/sd-mii-icu-koerpertemperatur-kern,StructureDefinition/ISiKAtemfrequenz,StructureDefinition/sd-mii-icu-sonstige-pulsatile-druecke-generisch,StructureDefinition/ISiKLaboruntersuchungGFR,StructureDefinition/ISiKPatient,StructureDefinition/ISiKPersonImGesundheitsberuf,StructureDefinition/sd-mii-icu-puls,StructureDefinition/ISiKKopfumfang,StructureDefinition/sd-mii-icu-koerpergewicht-percentil-altersabhaengig,StructureDefinition/ISiKAlkoholAbusus,StructureDefinition/sd-mii-icu-rechtsventrikulaerer-druck,StructureDefinition/ISiKFormularDefinition","hl7.terminology.r4"
http://hl7.org/fhir/ValueSet/link-type,4.0.1,active,"2.16.840.1.113883.4.642.3.423",LinkType,LinkType,"The type of link between this patient resource and another patient resource.","StructureDefinition/ISiKPatient","hl7.fhir.r4.core"
http://hl7.org/fhir/ValueSet/list-empty-reason,4.0.1,draft,"2.16.840.1.113883.4.642.3.322",ListEmptyReasons,List Empty Reasons,"General reasons for a list to be empty. Reasons are either related to a summary list (i.e. problem or medication list) or to a workflow related list (i.e. consultation list).","StructureDefinition/ISiKBerichtSubSysteme,StructureDefinition/ISiKMedikationsListe","THO"
http://hl7.org/fhir/ValueSet/list-example-codes,4.0.1,draft,"2.16.840.1.113883.4.642.3.316",ExampleUseCodesForList,Example Use Codes for List,"Example use codes for the List resource - typical kinds of use.","StructureDefinition/ISiKMedikationsListe","THO"
http://hl7.org/fhir/ValueSet/list-item-flag,4.0.1,draft,"2.16.840.1.113883.4.642.3.320",PatientMedicineChangeTypes,Patient Medicine Change Types,"Example Item Flags for the List Resource. In this case, these are the kind of flags that would be used on a medication list at the end of a consultation.","StructureDefinition/ISiKMedikationsListe","hl7.fhir.r4.core"
http://hl7.org/fhir/ValueSet/list-mode,4.0.1,draft,"2.16.840.1.113883.4.642.3.318",ListMode,ListMode,"The processing mode that applies to this list.","StructureDefinition/ISiKBerichtSubSysteme","hl7.fhir.r4.core"
http://hl7.org/fhir/ValueSet/list-order,4.0.1,draft,"2.16.840.1.113883.4.642.3.324",ListOrderCodes,List Order Codes,"Base values for the order of the items in a list resource.","StructureDefinition/ISiKBerichtSubSysteme,StructureDefinition/ISiKMedikationsListe","THO"
http://hl7.org/fhir/ValueSet/list-status,4.0.1,draft,"2.16.840.1.113883.4.642.3.326",ListStatus,ListStatus,"The current state of the list.","StructureDefinition/ISiKMedikationsListe","hl7.fhir.r4.core"
http://hl7.org/fhir/ValueSet/location-mode,4.0.1,draft,"2.16.840.1.113883.4.642.3.330",LocationMode,LocationMode,"Indicates whether a resource instance represents a specific location or a class of locations.","StructureDefinition/ISiKStandortRaum,StructureDefinition/ISiKStandort,StructureDefinition/ISiKStandortBettenstellplatz","hl7.fhir.r4.core"
http://hl7.org/fhir/ValueSet/location-physical-type,4.0.1,draft,"2.16.840.1.113883.4.642.3.328",LocationType,Location type,"This example value set defines a set of codes that can be used to indicate the physical form of the Location.","StructureDefinition/ISiKStandortRaum,StructureDefinition/ISiKStandort,StructureDefinition/ISiKStandortBettenstellplatz","THO"
http://hl7.org/fhir/ValueSet/location-status,4.0.1,draft,"2.16.840.1.113883.4.642.3.332",LocationStatus,LocationStatus,"Indicates whether the location is still in use.","StructureDefinition/ISiKStandortRaum,StructureDefinition/ISiKStandort,StructureDefinition/ISiKStandortBettenstellplatz","hl7.fhir.r4.core"
http://hl7.org/fhir/ValueSet/manifestation-or-symptom,4.0.1,draft,"2.16.840.1.113883.4.642.3.169",ManifestationAndSymptomCodes,Manifestation and Symptom Codes,"Example value set for Manifestation and Symptom codes.","StructureDefinition/ISiKDiagnose","SCT"
http://hl7.org/fhir/ValueSet/marital-status,4.0.1,active,"2.16.840.1.113883.4.642.3.29",Marital Status Codes,MaritalStatus,"This value set defines the set of codes that can be used to indicate the marital status of a person.","StructureDefinition/ISiKPatient","THO (V3)"
http://hl7.org/fhir/ValueSet/med-admin-perform-function,4.0.1,draft,"2.16.840.1.113883.4.642.3.349",MedicationAdministration Performer Function Codes,Medication administration  performer  function  codes,"MedicationAdministration Performer Function Codes","StructureDefinition/ISiKMedikationsVerabreichung","THO"
http://hl7.org/fhir/ValueSet/medication-admin-category,4.0.1,draft,"2.16.840.1.113883.4.642.3.347",MedicationAdministration Category Codes,Medication administration  category  codes,"MedicationAdministration Category Codes","StructureDefinition/ISiKMedikationsVerabreichung","THO"
http://hl7.org/fhir/ValueSet/medication-admin-status,4.0.1,draft,"2.16.840.1.113883.4.642.3.340",MedicationAdministration Status Codes,Medication administration  status  codes,"MedicationAdministration Status Codes","StructureDefinition/ISiKMedikationsVerabreichung","THO"
http://hl7.org/fhir/ValueSet/medication-as-needed-reason,4.0.1,draft,"2.16.840.1.113883.4.642.3.96",SNOMEDCTMedicationAsNeededReasonCodes,SNOMED CT Medication As Needed Reason Codes,"This value set includes all clinical findings from SNOMED CT - provided as an exemplar value set.","StructureDefinition/ISiKMedikationsVerordnung,StructureDefinition/ISiKMedikationsInformation","SCT"
http://hl7.org/fhir/ValueSet/medication-codes,4.0.1,draft,"2.16.840.1.113883.4.642.3.375",SNOMEDCTMedicationCodes,SNOMED CT Medication Codes,"This value set includes all drug or medicament substance codes and all pharmaceutical/biologic products from SNOMED CT - provided as an exemplar value set.","StructureDefinition/ISiKMedikationsVerordnung,StructureDefinition/ISiKMedikationsVerabreichung,StructureDefinition/ISiKMedikationsInformation,StructureDefinition/ISiKMedikament","SCT"
http://hl7.org/fhir/ValueSet/medication-form-codes,4.0.1,draft,"2.16.840.1.113883.4.642.3.374",SNOMEDCTFormCodes,SNOMED CT Form Codes,"This value set includes all dose form codes from SNOMED CT - provided as an exemplar.","StructureDefinition/ISiKMedikament","SCT"
http://hl7.org/fhir/ValueSet/medication-statement-category,4.0.1,draft,"2.16.840.1.113883.4.642.3.370",Medication usage category codes,Medication usage category codes,"Medication Status Codes","StructureDefinition/ISiKMedikationsInformation","THO"
http://hl7.org/fhir/ValueSet/medication-statement-status,4.0.1,draft,"2.16.840.1.113883.4.642.3.367",Medication Status Codes,Medication  status  codes,"Medication Status Codes","StructureDefinition/ISiKMedikationsInformation","hl7.fhir.r4.core"
http://hl7.org/fhir/ValueSet/medication-status,4.0.1,draft,"2.16.840.1.113883.4.642.3.376",Medication Status Codes,Medication  status  codes,"Medication Status Codes","StructureDefinition/ISiKMedikament","hl7.fhir.r4.core"
http://hl7.org/fhir/ValueSet/medicationrequest-category,4.0.1,draft,"2.16.840.1.113883.4.642.3.1322",medicationRequest Category Codes,Medication request  category  codes,"MedicationRequest Category Codes","StructureDefinition/ISiKMedikationsVerordnung","THO"
http://hl7.org/fhir/ValueSet/medicationrequest-course-of-therapy,4.0.1,draft,"2.16.840.1.113883.4.642.3.1326",medicationRequest Course of Therapy Codes,Medication request  course of  therapy  codes,"MedicationRequest Course of Therapy Codes","StructureDefinition/ISiKMedikationsVerordnung","THO"
http://hl7.org/fhir/ValueSet/medicationrequest-intent,4.0.1,draft,"2.16.840.1.113883.4.642.3.1321",medicationRequest Intent,Medication request  intent,"MedicationRequest Intent Codes","StructureDefinition/ISiKMedikationsVerordnung","hl7.fhir.r4.core"
http://hl7.org/fhir/ValueSet/medicationrequest-status,4.0.1,draft,"2.16.840.1.113883.4.642.3.1320",medicationrequest Status,Medicationrequest  status,"MedicationRequest Status Codes","StructureDefinition/ISiKMedikationsVerordnung","hl7.fhir.r4.core"
http://hl7.org/fhir/ValueSet/medicationrequest-status-reason,4.0.1,draft,"2.16.840.1.113883.4.642.3.1324",medicationRequest Status Reason Codes,Medication request  status  reason  codes,"MedicationRequest Status Reason Codes","StructureDefinition/ISiKMedikationsVerordnung","THO"
http://hl7.org/fhir/ValueSet/mimetypes,4.0.1,active,"2.16.840.1.113883.4.642.3.1024",Mime Types,MimeType,"This value set includes all possible codes from BCP-13 (http://tools.ietf.org/html/bcp13)","StructureDefinition/ISiKBinary,StructureDefinition/ISiKDokumentenMetadaten","Other"
http://hl7.org/fhir/ValueSet/name-part-qualifier,5.2.0,active,"2.16.840.1.113883.4.642.3.906",EntityNamePartQualifier,EntityNamePartQualifier,"A set of codes each of which specifies a certain subcategory of the name part in addition to the main name part type.","StructureDefinition/ISiKPatient","THO (V3)"
http://hl7.org/fhir/ValueSet/name-use,4.0.1,active,"2.16.840.1.113883.4.642.3.65",NameUse,NameUse,"The use of a human name.","StructureDefinition/ISiKPatient,StructureDefinition/ISiKPersonImGesundheitsberuf,StructureDefinition/ISiKAngehoeriger","hl7.fhir.r4.core"
http://hl7.org/fhir/ValueSet/narrative-status,4.0.1,draft,"2.16.840.1.113883.4.642.3.55",NarrativeStatus,NarrativeStatus,"The status of a resource narrative.","StructureDefinition/ISiKBerichtSubSysteme","hl7.fhir.r4.core"
http://hl7.org/fhir/ValueSet/observation-category,4.0.1,draft,"2.16.840.1.113883.4.642.3.403",ObservationCategoryCodes,Observation Category Codes,"Observation Category codes.","StructureDefinition/ISiKKoerpergewicht,StructureDefinition/sd-mii-icu-linksventrikulaeres-schlagvolumenindex,StructureDefinition/sd-mii-icu-koerpertemperatur-harnblase,StructureDefinition/ISiKLaboruntersuchungHb,StructureDefinition/sd-mii-icu-koerpertemperatur-brust,StructureDefinition/ISiKRaucherStatus,StructureDefinition/sd-mii-icu-o2saettigung-im-blut-postduktal-durch-pulsoxymetrie,StructureDefinition/sd-mii-icu-koerpertemperatur-gelenk,StructureDefinition/sd-mii-icu-koerpertemperatur-trommelfell,StructureDefinition/ISiKLaboruntersuchungTSH,StructureDefinition/sd-mii-icu-koerpertemperatur-nasen-rachen-raum,StructureDefinition/ISiKLaboruntersuchungThrombozyten,StructureDefinition/sd-mii-icu-koerpertemperatur-vaginal,StructureDefinition/sd-mii-icu-o2saettigung-im-blut-preduktal-durch-pulsoxymetrie,StructureDefinition/sd-mii-icu-pulmonalarterieller-blutdruck,StructureDefinition/sd-mii-icu-ideales-koerpergewicht,StructureDefinition/sd-mii-icu-koerpertemperatur-lendenwirbelsaeule,StructureDefinition/sd-mii-icu-linksventrikulaeres-schlagvolumen,StructureDefinition/ISiKKoerpergroesse,StructureDefinition/sd-mii-icu-koerpertemperatur-brustwirbelsaeule,StructureDefinition/sd-mii-icu-linksatrialer-druck,StructureDefinition/sd-mii-icu-linksventri-herzindex-durch-indikatorverduennung,StructureDefinition/sd-mii-icu-zentralvenoeser-blutdruck,StructureDefinition/sd-mii-icu-herzzeitvolumen,StructureDefinition/ISiKGCS,StructureDefinition/sd-mii-icu-koerpertemperatur-halswirbelsaeule,StructureDefinition/ISiKLaboruntersuchungSerumkreatinin,StructureDefinition/ISiKLaboruntersuchung,StructureDefinition/sd-mii-icu-koerpertemperatur-blut,StructureDefinition/sd-mii-icu-linksventrikulaerer-druck,StructureDefinition/sd-mii-icu-intrakranieller-druck-icp,StructureDefinition/ISiKKoerpertemperatur,StructureDefinition/sd-mii-icu-pulmonalarterieller-wedge-druck,StructureDefinition/ISiKStillstatus,StructureDefinition/ISiKSchwangerschaftsstatus,StructureDefinition/sd-mii-icu-linksventri-schlagvolumen-durch-indikatorverduennung,StructureDefinition/sd-mii-icu-koerpertemperatur-leiste,StructureDefinition/sd-mii-icu-koerpertemperatur-generisch,StructureDefinition/ISiKLaboruntersuchungTroponin,StructureDefinition/sd-mii-icu-linksventri-schlagvolumenindex-durch-indikatorverd,StructureDefinition/sd-mii-icu-koerpertemperatur-speiseroehre,StructureDefinition/ISiKEKG,StructureDefinition/sd-mii-icu-systemischer-vaskulaerer-widerstandsindex,StructureDefinition/sd-mii-icu-koerpertemperatur-stirn,StructureDefinition/sd-mii-icu-koerpergroesse-percentil-altersabhaengig,StructureDefinition/ISiKHerzfrequenz,StructureDefinition/ISiKKoerperkerntemperatur,StructureDefinition/ISiKSauerstoffsaettigungArteriell,StructureDefinition/sd-mii-icu-koerpertemperatur-kern,StructureDefinition/ISiKAtemfrequenz,StructureDefinition/sd-mii-icu-sonstige-pulsatile-druecke-generisch,StructureDefinition/sd-mii-icu-linksventrikulaerer-herzindex,StructureDefinition/ISiKLebensZustand,StructureDefinition/sd-mii-icu-koerpertemperatur-unter-der-zunge,StructureDefinition/ISiKLaboruntersuchungGFR,StructureDefinition/sd-mii-icu-koerpertemperatur-rektal,StructureDefinition/sd-mii-icu-linksventri-herzzeitvolumen-durch-indikatorverd,StructureDefinition/sd-mii-icu-koerpertemperatur-myokard,StructureDefinition/ISiKSchwangerschaftErwarteterEntbindungstermin,StructureDefinition/sd-mii-icu-puls,StructureDefinition/ISiKKopfumfang,StructureDefinition/sd-mii-icu-koerpergewicht-percentil-altersabhaengig,StructureDefinition/ISiKAlkoholAbusus,StructureDefinition/sd-mii-icu-koerpertemperatur-nasal,StructureDefinition/sd-mii-icu-rechtsventrikulaerer-druck,StructureDefinition/ISiKLaboruntersuchungPCT,StructureDefinition/ISiKLaboruntersuchungCRP,StructureDefinition/sd-mii-icu-o2saettigung-im-arteriellen-blut-durch-pulsoxymetrie,StructureDefinition/sd-mii-icu-pulmonalvaskulaerer-widerstandsindex,StructureDefinition/sd-mii-icu-rechtsatrialer-druck,StructureDefinition/sd-mii-icu-koerpertemperatur-atemwege,StructureDefinition/ISiKBlutdruckSystemischArteriell,StructureDefinition/sd-mii-icu-monitoring-und-vitaldaten,StructureDefinition/sd-mii-icu-koerpertemperatur-achsel","THO"
http://hl7.org/fhir/ValueSet/observation-codes,4.0.1,draft,"2.16.840.1.113883.4.642.3.396",LOINCCodes,LOINC Codes,"This value set includes all LOINC codes","StructureDefinition/ISiKKoerpergewicht,StructureDefinition/sd-mii-icu-linksventrikulaeres-schlagvolumenindex,StructureDefinition/sd-mii-icu-koerpertemperatur-harnblase,StructureDefinition/ISiKLaboruntersuchungHb,StructureDefinition/sd-mii-icu-koerpertemperatur-brust,StructureDefinition/ISiKRaucherStatus,StructureDefinition/sd-mii-icu-o2saettigung-im-blut-postduktal-durch-pulsoxymetrie,StructureDefinition/sd-mii-icu-koerpertemperatur-gelenk,StructureDefinition/sd-mii-icu-koerpertemperatur-trommelfell,StructureDefinition/ISiKLaboruntersuchungTSH,StructureDefinition/sd-mii-icu-koerpertemperatur-nasen-rachen-raum,StructureDefinition/ISiKLaboruntersuchungThrombozyten,StructureDefinition/sd-mii-icu-koerpertemperatur-vaginal,StructureDefinition/sd-mii-icu-o2saettigung-im-blut-preduktal-durch-pulsoxymetrie,StructureDefinition/sd-mii-icu-pulmonalarterieller-blutdruck,StructureDefinition/sd-mii-icu-ideales-koerpergewicht,StructureDefinition/sd-mii-icu-koerpertemperatur-lendenwirbelsaeule,StructureDefinition/sd-mii-icu-linksventrikulaeres-schlagvolumen,StructureDefinition/ISiKKoerpergroesse,StructureDefinition/sd-mii-icu-koerpertemperatur-brustwirbelsaeule,StructureDefinition/sd-mii-icu-linksatrialer-druck,StructureDefinition/sd-mii-icu-linksventri-herzindex-durch-indikatorverduennung,StructureDefinition/sd-mii-icu-zentralvenoeser-blutdruck,StructureDefinition/sd-mii-icu-herzzeitvolumen,StructureDefinition/ISiKGCS,StructureDefinition/sd-mii-icu-koerpertemperatur-halswirbelsaeule,StructureDefinition/ISiKLaboruntersuchungSerumkreatinin,StructureDefinition/ISiKLaboruntersuchung,StructureDefinition/sd-mii-icu-koerpertemperatur-blut,StructureDefinition/sd-mii-icu-linksventrikulaerer-druck,StructureDefinition/sd-mii-icu-intrakranieller-druck-icp,StructureDefinition/ISiKKoerpertemperatur,StructureDefinition/sd-mii-icu-pulmonalarterieller-wedge-druck,StructureDefinition/ISiKStillstatus,StructureDefinition/ISiKSchwangerschaftsstatus,StructureDefinition/sd-mii-icu-linksventri-schlagvolumen-durch-indikatorverduennung,StructureDefinition/sd-mii-icu-koerpertemperatur-leiste,StructureDefinition/sd-mii-icu-koerpertemperatur-generisch,StructureDefinition/ISiKLaboruntersuchungTroponin,StructureDefinition/sd-mii-icu-linksventri-schlagvolumenindex-durch-indikatorverd,StructureDefinition/sd-mii-icu-koerpertemperatur-speiseroehre,StructureDefinition/ISiKEKG,StructureDefinition/sd-mii-icu-systemischer-vaskulaerer-widerstandsindex,StructureDefinition/sd-mii-icu-koerpertemperatur-stirn,StructureDefinition/sd-mii-icu-koerpergroesse-percentil-altersabhaengig,StructureDefinition/ISiKHerzfrequenz,StructureDefinition/ISiKKoerperkerntemperatur,StructureDefinition/ISiKSauerstoffsaettigungArteriell,StructureDefinition/sd-mii-icu-koerpertemperatur-kern,StructureDefinition/ISiKAtemfrequenz,StructureDefinition/sd-mii-icu-sonstige-pulsatile-druecke-generisch,StructureDefinition/sd-mii-icu-linksventrikulaerer-herzindex,StructureDefinition/ISiKLebensZustand,StructureDefinition/sd-mii-icu-koerpertemperatur-unter-der-zunge,StructureDefinition/ISiKLaboruntersuchungGFR,StructureDefinition/sd-mii-icu-koerpertemperatur-rektal,StructureDefinition/sd-mii-icu-linksventri-herzzeitvolumen-durch-indikatorverd,StructureDefinition/sd-mii-icu-koerpertemperatur-myokard,StructureDefinition/ISiKSchwangerschaftErwarteterEntbindungstermin,StructureDefinition/sd-mii-icu-puls,StructureDefinition/ISiKKopfumfang,StructureDefinition/sd-mii-icu-koerpergewicht-percentil-altersabhaengig,StructureDefinition/ISiKAlkoholAbusus,StructureDefinition/sd-mii-icu-koerpertemperatur-nasal,StructureDefinition/sd-mii-icu-rechtsventrikulaerer-druck,StructureDefinition/ISiKLaboruntersuchungPCT,StructureDefinition/ISiKLaboruntersuchungCRP,StructureDefinition/sd-mii-icu-o2saettigung-im-arteriellen-blut-durch-pulsoxymetrie,StructureDefinition/sd-mii-icu-pulmonalvaskulaerer-widerstandsindex,StructureDefinition/sd-mii-icu-rechtsatrialer-druck,StructureDefinition/sd-mii-icu-koerpertemperatur-atemwege,StructureDefinition/ISiKBlutdruckSystemischArteriell,StructureDefinition/sd-mii-icu-monitoring-und-vitaldaten,StructureDefinition/sd-mii-icu-koerpertemperatur-achsel","LOINC"
http://hl7.org/fhir/ValueSet/observation-interpretation,4.0.1,active,"2.16.840.1.113883.4.642.3.399",ObservationInterpretationCodes,Observation Interpretation Codes,"A categorical assessment, providing a rough qualitative interpretation of the observation value,    such as “normal”/ “abnormal”,”low” / “high”, “better” / “worse”, “susceptible” / “resistant”, “expected”/ “not expected”.    The value set is intended to be for ANY use where coded representation of an interpretation is needed.             Notes:          This is being communicated in v2.x in OBX-8 (Observation Interpretation), in v3 in ObservationInterpretation (CWE) in R1 (Representative Realm) and in FHIR in    Observation.interpretation. Historically these values come from the laboratory domain, and these codes are extensively    used. The value set binding is extensible, so codes outside the value set that are needed for interpretation concepts    (i.e. particular meanings) that are not included in the value set can be used, and these new codes may also be added to    the value set and published in a future version.","StructureDefinition/ISiKKoerpergewicht,StructureDefinition/sd-mii-icu-linksventrikulaeres-schlagvolumenindex,StructureDefinition/sd-mii-icu-koerpertemperatur-harnblase,StructureDefinition/ISiKLaboruntersuchungHb,StructureDefinition/sd-mii-icu-koerpertemperatur-brust,StructureDefinition/ISiKRaucherStatus,StructureDefinition/sd-mii-icu-o2saettigung-im-blut-postduktal-durch-pulsoxymetrie,StructureDefinition/sd-mii-icu-koerpertemperatur-gelenk,StructureDefinition/sd-mii-icu-koerpertemperatur-trommelfell,StructureDefinition/ISiKLaboruntersuchungTSH,StructureDefinition/sd-mii-icu-koerpertemperatur-nasen-rachen-raum,StructureDefinition/ISiKLaboruntersuchungThrombozyten,StructureDefinition/sd-mii-icu-koerpertemperatur-vaginal,StructureDefinition/sd-mii-icu-o2saettigung-im-blut-preduktal-durch-pulsoxymetrie,StructureDefinition/sd-mii-icu-pulmonalarterieller-blutdruck,StructureDefinition/sd-mii-icu-ideales-koerpergewicht,StructureDefinition/sd-mii-icu-koerpertemperatur-lendenwirbelsaeule,StructureDefinition/sd-mii-icu-linksventrikulaeres-schlagvolumen,StructureDefinition/ISiKKoerpergroesse,StructureDefinition/sd-mii-icu-koerpertemperatur-brustwirbelsaeule,StructureDefinition/sd-mii-icu-linksatrialer-druck,StructureDefinition/sd-mii-icu-linksventri-herzindex-durch-indikatorverduennung,StructureDefinition/sd-mii-icu-zentralvenoeser-blutdruck,StructureDefinition/sd-mii-icu-herzzeitvolumen,StructureDefinition/ISiKGCS,StructureDefinition/sd-mii-icu-koerpertemperatur-halswirbelsaeule,StructureDefinition/ISiKLaboruntersuchungSerumkreatinin,StructureDefinition/ISiKLaboruntersuchung,StructureDefinition/sd-mii-icu-koerpertemperatur-blut,StructureDefinition/sd-mii-icu-linksventrikulaerer-druck,StructureDefinition/sd-mii-icu-intrakranieller-druck-icp,StructureDefinition/ISiKKoerpertemperatur,StructureDefinition/sd-mii-icu-pulmonalarterieller-wedge-druck,StructureDefinition/ISiKStillstatus,StructureDefinition/ISiKSchwangerschaftsstatus,StructureDefinition/sd-mii-icu-linksventri-schlagvolumen-durch-indikatorverduennung,StructureDefinition/sd-mii-icu-koerpertemperatur-leiste,StructureDefinition/sd-mii-icu-koerpertemperatur-generisch,StructureDefinition/ISiKLaboruntersuchungTroponin,StructureDefinition/sd-mii-icu-linksventri-schlagvolumenindex-durch-indikatorverd,StructureDefinition/sd-mii-icu-koerpertemperatur-speiseroehre,StructureDefinition/ISiKEKG,StructureDefinition/sd-mii-icu-systemischer-vaskulaerer-widerstandsindex,StructureDefinition/sd-mii-icu-koerpertemperatur-stirn,StructureDefinition/sd-mii-icu-koerpergroesse-percentil-altersabhaengig,StructureDefinition/ISiKHerzfrequenz,StructureDefinition/ISiKKoerperkerntemperatur,StructureDefinition/ISiKSauerstoffsaettigungArteriell,StructureDefinition/sd-mii-icu-koerpertemperatur-kern,StructureDefinition/ISiKAtemfrequenz,StructureDefinition/sd-mii-icu-sonstige-pulsatile-druecke-generisch,StructureDefinition/sd-mii-icu-linksventrikulaerer-herzindex,StructureDefinition/ISiKLebensZustand,StructureDefinition/sd-mii-icu-koerpertemperatur-unter-der-zunge,StructureDefinition/ISiKLaboruntersuchungGFR,StructureDefinition/sd-mii-icu-koerpertemperatur-rektal,StructureDefinition/sd-mii-icu-linksventri-herzzeitvolumen-durch-indikatorverd,StructureDefinition/sd-mii-icu-koerpertemperatur-myokard,StructureDefinition/ISiKSchwangerschaftErwarteterEntbindungstermin,StructureDefinition/sd-mii-icu-puls,StructureDefinition/ISiKKopfumfang,StructureDefinition/sd-mii-icu-koerpergewicht-percentil-altersabhaengig,StructureDefinition/ISiKAlkoholAbusus,StructureDefinition/sd-mii-icu-koerpertemperatur-nasal,StructureDefinition/sd-mii-icu-rechtsventrikulaerer-druck,StructureDefinition/ISiKLaboruntersuchungPCT,StructureDefinition/ISiKLaboruntersuchungCRP,StructureDefinition/sd-mii-icu-o2saettigung-im-arteriellen-blut-durch-pulsoxymetrie,StructureDefinition/sd-mii-icu-pulmonalvaskulaerer-widerstandsindex,StructureDefinition/sd-mii-icu-rechtsatrialer-druck,StructureDefinition/sd-mii-icu-koerpertemperatur-atemwege,StructureDefinition/ISiKBlutdruckSystemischArteriell,StructureDefinition/sd-mii-icu-monitoring-und-vitaldaten,StructureDefinition/sd-mii-icu-koerpertemperatur-achsel","THO (V3)"
http://hl7.org/fhir/ValueSet/observation-methods,4.0.1,draft,"2.16.840.1.113883.4.642.3.395",ObservationMethods,Observation Methods,"Observation Method codes from [SNOMED CT](http://snomed.info/sct) where concept is-a 272394005 (Technique (qualifier value)) or is-a 129264002 (Action (qualifier value)) or is-a 386053000 (Evaluation procedure(procedure))","StructureDefinition/ISiKKoerpergewicht,StructureDefinition/sd-mii-icu-linksventrikulaeres-schlagvolumenindex,StructureDefinition/sd-mii-icu-koerpertemperatur-harnblase,StructureDefinition/ISiKLaboruntersuchungHb,StructureDefinition/sd-mii-icu-koerpertemperatur-brust,StructureDefinition/ISiKRaucherStatus,StructureDefinition/sd-mii-icu-o2saettigung-im-blut-postduktal-durch-pulsoxymetrie,StructureDefinition/sd-mii-icu-koerpertemperatur-gelenk,StructureDefinition/sd-mii-icu-koerpertemperatur-trommelfell,StructureDefinition/ISiKLaboruntersuchungTSH,StructureDefinition/sd-mii-icu-koerpertemperatur-nasen-rachen-raum,StructureDefinition/ISiKLaboruntersuchungThrombozyten,StructureDefinition/sd-mii-icu-koerpertemperatur-vaginal,StructureDefinition/sd-mii-icu-o2saettigung-im-blut-preduktal-durch-pulsoxymetrie,StructureDefinition/sd-mii-icu-ideales-koerpergewicht,StructureDefinition/sd-mii-icu-koerpertemperatur-lendenwirbelsaeule,StructureDefinition/sd-mii-icu-linksventrikulaeres-schlagvolumen,StructureDefinition/ISiKKoerpergroesse,StructureDefinition/sd-mii-icu-koerpertemperatur-brustwirbelsaeule,StructureDefinition/sd-mii-icu-linksventri-herzindex-durch-indikatorverduennung,StructureDefinition/sd-mii-icu-zentralvenoeser-blutdruck,StructureDefinition/sd-mii-icu-herzzeitvolumen,StructureDefinition/ISiKGCS,StructureDefinition/sd-mii-icu-koerpertemperatur-halswirbelsaeule,StructureDefinition/ISiKLaboruntersuchungSerumkreatinin,StructureDefinition/ISiKLaboruntersuchung,StructureDefinition/sd-mii-icu-koerpertemperatur-blut,StructureDefinition/sd-mii-icu-intrakranieller-druck-icp,StructureDefinition/ISiKKoerpertemperatur,StructureDefinition/sd-mii-icu-pulmonalarterieller-wedge-druck,StructureDefinition/ISiKStillstatus,StructureDefinition/ISiKSchwangerschaftsstatus,StructureDefinition/sd-mii-icu-linksventri-schlagvolumen-durch-indikatorverduennung,StructureDefinition/sd-mii-icu-koerpertemperatur-leiste,StructureDefinition/sd-mii-icu-koerpertemperatur-generisch,StructureDefinition/ISiKLaboruntersuchungTroponin,StructureDefinition/sd-mii-icu-linksventri-schlagvolumenindex-durch-indikatorverd,StructureDefinition/sd-mii-icu-koerpertemperatur-speiseroehre,StructureDefinition/ISiKEKG,StructureDefinition/sd-mii-icu-systemischer-vaskulaerer-widerstandsindex,StructureDefinition/sd-mii-icu-koerpertemperatur-stirn,StructureDefinition/sd-mii-icu-koerpergroesse-percentil-altersabhaengig,StructureDefinition/ISiKHerzfrequenz,StructureDefinition/ISiKKoerperkerntemperatur,StructureDefinition/ISiKSauerstoffsaettigungArteriell,StructureDefinition/sd-mii-icu-koerpertemperatur-kern,StructureDefinition/ISiKAtemfrequenz,StructureDefinition/sd-mii-icu-linksventrikulaerer-herzindex,StructureDefinition/ISiKLebensZustand,StructureDefinition/sd-mii-icu-koerpertemperatur-unter-der-zunge,StructureDefinition/ISiKLaboruntersuchungGFR,StructureDefinition/sd-mii-icu-koerpertemperatur-rektal,StructureDefinition/sd-mii-icu-linksventri-herzzeitvolumen-durch-indikatorverd,StructureDefinition/sd-mii-icu-koerpertemperatur-myokard,StructureDefinition/ISiKSchwangerschaftErwarteterEntbindungstermin,StructureDefinition/sd-mii-icu-puls,StructureDefinition/ISiKKopfumfang,StructureDefinition/sd-mii-icu-koerpergewicht-percentil-altersabhaengig,StructureDefinition/ISiKAlkoholAbusus,StructureDefinition/sd-mii-icu-koerpertemperatur-nasal,StructureDefinition/ISiKLaboruntersuchungPCT,StructureDefinition/ISiKLaboruntersuchungCRP,StructureDefinition/sd-mii-icu-o2saettigung-im-arteriellen-blut-durch-pulsoxymetrie,StructureDefinition/sd-mii-icu-pulmonalvaskulaerer-widerstandsindex,StructureDefinition/sd-mii-icu-koerpertemperatur-atemwege,StructureDefinition/ISiKBlutdruckSystemischArteriell,StructureDefinition/sd-mii-icu-monitoring-und-vitaldaten,StructureDefinition/sd-mii-icu-koerpertemperatur-achsel","SCT"
http://hl7.org/fhir/ValueSet/observation-status,4.0.1,active,"2.16.840.1.113883.4.642.3.400",ObservationStatus,ObservationStatus,"Codes providing the status of an observation.","StructureDefinition/ISiKKoerpergewicht,StructureDefinition/sd-mii-icu-linksventrikulaeres-schlagvolumenindex,StructureDefinition/sd-mii-icu-koerpertemperatur-harnblase,StructureDefinition/ISiKLaboruntersuchungHb,StructureDefinition/sd-mii-icu-koerpertemperatur-brust,StructureDefinition/ISiKRaucherStatus,StructureDefinition/sd-mii-icu-o2saettigung-im-blut-postduktal-durch-pulsoxymetrie,StructureDefinition/sd-mii-icu-koerpertemperatur-gelenk,StructureDefinition/sd-mii-icu-koerpertemperatur-trommelfell,StructureDefinition/ISiKLaboruntersuchungTSH,StructureDefinition/sd-mii-icu-koerpertemperatur-nasen-rachen-raum,StructureDefinition/ISiKLaboruntersuchungThrombozyten,StructureDefinition/sd-mii-icu-koerpertemperatur-vaginal,StructureDefinition/sd-mii-icu-o2saettigung-im-blut-preduktal-durch-pulsoxymetrie,StructureDefinition/sd-mii-icu-pulmonalarterieller-blutdruck,StructureDefinition/sd-mii-icu-ideales-koerpergewicht,StructureDefinition/sd-mii-icu-koerpertemperatur-lendenwirbelsaeule,StructureDefinition/sd-mii-icu-linksventrikulaeres-schlagvolumen,StructureDefinition/ISiKKoerpergroesse,StructureDefinition/sd-mii-icu-koerpertemperatur-brustwirbelsaeule,StructureDefinition/sd-mii-icu-linksatrialer-druck,StructureDefinition/sd-mii-icu-linksventri-herzindex-durch-indikatorverduennung,StructureDefinition/sd-mii-icu-zentralvenoeser-blutdruck,StructureDefinition/sd-mii-icu-herzzeitvolumen,StructureDefinition/ISiKGCS,StructureDefinition/sd-mii-icu-koerpertemperatur-halswirbelsaeule,StructureDefinition/ISiKLaboruntersuchungSerumkreatinin,StructureDefinition/ISiKLaboruntersuchung,StructureDefinition/sd-mii-icu-koerpertemperatur-blut,StructureDefinition/sd-mii-icu-linksventrikulaerer-druck,StructureDefinition/sd-mii-icu-intrakranieller-druck-icp,StructureDefinition/ISiKKoerpertemperatur,StructureDefinition/sd-mii-icu-pulmonalarterieller-wedge-druck,StructureDefinition/ISiKStillstatus,StructureDefinition/ISiKSchwangerschaftsstatus,StructureDefinition/sd-mii-icu-linksventri-schlagvolumen-durch-indikatorverduennung,StructureDefinition/sd-mii-icu-koerpertemperatur-leiste,StructureDefinition/sd-mii-icu-koerpertemperatur-generisch,StructureDefinition/ISiKLaboruntersuchungTroponin,StructureDefinition/sd-mii-icu-linksventri-schlagvolumenindex-durch-indikatorverd,StructureDefinition/sd-mii-icu-koerpertemperatur-speiseroehre,StructureDefinition/ISiKEKG,StructureDefinition/sd-mii-icu-systemischer-vaskulaerer-widerstandsindex,StructureDefinition/sd-mii-icu-koerpertemperatur-stirn,StructureDefinition/sd-mii-icu-koerpergroesse-percentil-altersabhaengig,StructureDefinition/ISiKHerzfrequenz,StructureDefinition/ISiKKoerperkerntemperatur,StructureDefinition/ISiKSauerstoffsaettigungArteriell,StructureDefinition/sd-mii-icu-koerpertemperatur-kern,StructureDefinition/ISiKAtemfrequenz,StructureDefinition/sd-mii-icu-sonstige-pulsatile-druecke-generisch,StructureDefinition/sd-mii-icu-linksventrikulaerer-herzindex,StructureDefinition/ISiKLebensZustand,StructureDefinition/sd-mii-icu-koerpertemperatur-unter-der-zunge,StructureDefinition/ISiKLaboruntersuchungGFR,StructureDefinition/sd-mii-icu-koerpertemperatur-rektal,StructureDefinition/sd-mii-icu-linksventri-herzzeitvolumen-durch-indikatorverd,StructureDefinition/sd-mii-icu-koerpertemperatur-myokard,StructureDefinition/ISiKSchwangerschaftErwarteterEntbindungstermin,StructureDefinition/ISiKAMTSBewertung,StructureDefinition/sd-mii-icu-puls,StructureDefinition/ISiKKopfumfang,StructureDefinition/sd-mii-icu-koerpergewicht-percentil-altersabhaengig,StructureDefinition/ISiKAlkoholAbusus,StructureDefinition/sd-mii-icu-koerpertemperatur-nasal,StructureDefinition/sd-mii-icu-rechtsventrikulaerer-druck,StructureDefinition/ISiKLaboruntersuchungPCT,StructureDefinition/ISiKLaboruntersuchungCRP,StructureDefinition/sd-mii-icu-o2saettigung-im-arteriellen-blut-durch-pulsoxymetrie,StructureDefinition/sd-mii-icu-pulmonalvaskulaerer-widerstandsindex,StructureDefinition/sd-mii-icu-rechtsatrialer-druck,StructureDefinition/sd-mii-icu-koerpertemperatur-atemwege,StructureDefinition/ISiKBlutdruckSystemischArteriell,StructureDefinition/sd-mii-icu-monitoring-und-vitaldaten,StructureDefinition/sd-mii-icu-koerpertemperatur-achsel","hl7.fhir.r4.core"
http://hl7.org/fhir/ValueSet/organization-type,4.0.1,draft,"2.16.840.1.113883.4.642.3.414",OrganizationType,Organization type,"This example value set defines a set of codes that can be used to indicate a type of organization.","StructureDefinition/ISiKOrganisation,StructureDefinition/ISiKOrganisationFachabteilung","THO"
http://hl7.org/fhir/ValueSet/participantrequired,4.0.1,draft,"2.16.840.1.113883.4.642.3.488",ParticipantRequired,ParticipantRequired,"Is the Participant required to attend the appointment.","StructureDefinition/ISiKTermin","hl7.fhir.r4.core"
http://hl7.org/fhir/ValueSet/participationstatus,4.0.1,draft,"2.16.840.1.113883.4.642.3.486",ParticipationStatus,ParticipationStatus,"The Participation status of an appointment.","StructureDefinition/ISiKTermin","hl7.fhir.r4.core"
http://hl7.org/fhir/ValueSet/patient-contactrelationship,4.0.1,active,"2.16.840.1.113883.4.642.3.1130",PatientContactRelationship,Patient Contact Relationship ,"The nature of the relationship between the patient and the contact person.","StructureDefinition/ISiKPatient","THO (V2)"
http://hl7.org/fhir/ValueSet/performer-role,4.0.1,draft,"2.16.840.1.113883.4.642.3.433",ProcedurePerformerRoleCodes,Procedure Performer Role Codes,"This example value set defines the set of codes that can be used to indicate a role of a procedure performer.","StructureDefinition/ISiKMedikationsVerordnung,StructureDefinition/ISiKProzedur","SCT"
http://hl7.org/fhir/ValueSet/procedure-category,4.0.1,draft,"2.16.840.1.113883.4.642.3.430",ProcedureCategoryCodes(SNOMEDCT),Procedure Category Codes (SNOMED CT),"Procedure Category code: A selection of relevant SNOMED CT codes.","StructureDefinition/ISiKProzedur","SCT"
http://hl7.org/fhir/ValueSet/procedure-code,4.0.1,draft,"2.16.840.1.113883.4.642.3.427",ProcedureCodes(SNOMEDCT),Procedure Codes (SNOMED CT),"Procedure Code: All SNOMED CT procedure codes.","StructureDefinition/ISiKProzedur","SCT"
http://hl7.org/fhir/ValueSet/procedure-followup,4.0.1,draft,"2.16.840.1.113883.4.642.3.429",ProcedureFollowUpCodes(SNOMEDCT),Procedure Follow up Codes (SNOMED CT),"Procedure follow up codes: A selection of SNOMED CT codes relevant to procedure follow up.","StructureDefinition/ISiKProzedur","SCT"
http://hl7.org/fhir/ValueSet/procedure-not-performed-reason,4.0.1,active,"2.16.840.1.113883.4.642.3.431",ProcedureNotPerformedReason(SNOMED-CT),Procedure Not Performed Reason (SNOMED-CT),"Situation codes describing the reason that a procedure, which might otherwise be expected, was not performed, or a procedure that was started and was not completed. Consists of SNOMED CT codes, children of procedure contraindicated (183932001), procedure discontinued (416406003), procedure not done (416237000), procedure not indicated (428119001), procedure not offered (416064006), procedure not wanted (416432009), procedure refused (183944003), and procedure stopped (394908001).","StructureDefinition/ISiKProzedur","SCT"
http://hl7.org/fhir/ValueSet/procedure-outcome,4.0.1,draft,"2.16.840.1.113883.4.642.3.428",ProcedureOutcomeCodes(SNOMEDCT),Procedure Outcome Codes (SNOMED CT),"Procedure Outcome code: A selection of relevant SNOMED CT codes.","StructureDefinition/ISiKProzedur","SCT"
http://hl7.org/fhir/ValueSet/procedure-reason,4.0.1,draft,"2.16.840.1.113883.4.642.3.432",ProcedureReasonCodes,Procedure Reason Codes,"This example value set defines the set of codes that can be used to indicate a reason for a procedure.","StructureDefinition/ISiKProzedur","SCT"
http://hl7.org/fhir/ValueSet/program,4.0.1,draft,"2.16.840.1.113883.4.642.3.1383",Program,Program,"This value set defines an example set of codes that could be can be used to classify groupings of service-types/specialties.","StructureDefinition/ISiKMedizinischeBehandlungseinheit","THO"
http://hl7.org/fhir/ValueSet/publication-status,4.0.1,active,"2.16.840.1.113883.4.642.3.3",PublicationStatus,PublicationStatus,"The lifecycle status of an artifact.","StructureDefinition/ISiKFormularDefinition,StructureDefinition/ISiKValueSet,StructureDefinition/ISiKCodeSystem","hl7.fhir.r4.core"
http://hl7.org/fhir/ValueSet/quantity-comparator,4.0.1,active,"2.16.840.1.113883.4.642.3.59",QuantityComparator,QuantityComparator,"How the Quantity should be understood and represented.","StructureDefinition/ISiKKoerpergewicht,StructureDefinition/ISiKMedikationsVerordnung,StructureDefinition/sd-mii-icu-linksventrikulaeres-schlagvolumenindex,StructureDefinition/sd-mii-icu-koerpertemperatur-harnblase,StructureDefinition/ISiKLaboruntersuchungHb,StructureDefinition/sd-mii-icu-koerpertemperatur-brust,StructureDefinition/sd-mii-icu-o2saettigung-im-blut-postduktal-durch-pulsoxymetrie,StructureDefinition/sd-mii-icu-koerpertemperatur-gelenk,StructureDefinition/sd-mii-icu-koerpertemperatur-trommelfell,StructureDefinition/ISiKLaboruntersuchungTSH,StructureDefinition/sd-mii-icu-koerpertemperatur-nasen-rachen-raum,StructureDefinition/ISiKLaboruntersuchungThrombozyten,StructureDefinition/sd-mii-icu-koerpertemperatur-vaginal,StructureDefinition/sd-mii-icu-o2saettigung-im-blut-preduktal-durch-pulsoxymetrie,StructureDefinition/sd-mii-icu-pulmonalarterieller-blutdruck,StructureDefinition/sd-mii-icu-ideales-koerpergewicht,StructureDefinition/sd-mii-icu-koerpertemperatur-lendenwirbelsaeule,StructureDefinition/sd-mii-icu-linksventrikulaeres-schlagvolumen,StructureDefinition/ISiKKoerpergroesse,StructureDefinition/sd-mii-icu-koerpertemperatur-brustwirbelsaeule,StructureDefinition/sd-mii-icu-linksatrialer-druck,StructureDefinition/sd-mii-icu-linksventri-herzindex-durch-indikatorverduennung,StructureDefinition/sd-mii-icu-zentralvenoeser-blutdruck,StructureDefinition/ISiKDiagnose,StructureDefinition/sd-mii-icu-herzzeitvolumen,StructureDefinition/ISiKGCS,StructureDefinition/sd-mii-icu-koerpertemperatur-halswirbelsaeule,StructureDefinition/ISiKLaboruntersuchungSerumkreatinin,StructureDefinition/ISiKLaboruntersuchung,StructureDefinition/sd-mii-icu-koerpertemperatur-blut,StructureDefinition/sd-mii-icu-linksventrikulaerer-druck,StructureDefinition/sd-mii-icu-intrakranieller-druck-icp,StructureDefinition/ISiKKoerpertemperatur,StructureDefinition/MedicationQuantity,StructureDefinition/sd-mii-icu-pulmonalarterieller-wedge-druck,StructureDefinition/sd-mii-icu-linksventri-schlagvolumen-durch-indikatorverduennung,StructureDefinition/sd-mii-icu-koerpertemperatur-leiste,StructureDefinition/sd-mii-icu-koerpertemperatur-generisch,StructureDefinition/ISiKLaboruntersuchungTroponin,StructureDefinition/sd-mii-icu-linksventri-schlagvolumenindex-durch-indikatorverd,StructureDefinition/sd-mii-icu-koerpertemperatur-speiseroehre,StructureDefinition/sd-mii-icu-systemischer-vaskulaerer-widerstandsindex,StructureDefinition/sd-mii-icu-koerpertemperatur-stirn,StructureDefinition/ISiKMedikationsInformation,StructureDefinition/sd-mii-icu-koerpergroesse-percentil-altersabhaengig,StructureDefinition/ISiKHerzfrequenz,StructureDefinition/ISiKKoerperkerntemperatur,StructureDefinition/ISiKSauerstoffsaettigungArteriell,StructureDefinition/sd-mii-icu-koerpertemperatur-kern,StructureDefinition/ISiKAtemfrequenz,StructureDefinition/sd-mii-icu-sonstige-pulsatile-druecke-generisch,StructureDefinition/sd-mii-icu-linksventrikulaerer-herzindex,StructureDefinition/sd-mii-icu-koerpertemperatur-unter-der-zunge,StructureDefinition/ISiKLaboruntersuchungGFR,StructureDefinition/sd-mii-icu-koerpertemperatur-rektal,StructureDefinition/sd-mii-icu-linksventri-herzzeitvolumen-durch-indikatorverd,StructureDefinition/sd-mii-icu-koerpertemperatur-myokard,StructureDefinition/sd-mii-icu-puls,StructureDefinition/ISiKKopfumfang,StructureDefinition/sd-mii-icu-koerpergewicht-percentil-altersabhaengig,StructureDefinition/sd-mii-icu-koerpertemperatur-nasal,StructureDefinition/sd-mii-icu-rechtsventrikulaerer-druck,StructureDefinition/ISiKLaboruntersuchungPCT,StructureDefinition/ISiKLaboruntersuchungCRP,StructureDefinition/sd-mii-icu-o2saettigung-im-arteriellen-blut-durch-pulsoxymetrie,StructureDefinition/sd-mii-icu-pulmonalvaskulaerer-widerstandsindex,StructureDefinition/sd-mii-icu-rechtsatrialer-druck,StructureDefinition/sd-mii-icu-koerpertemperatur-atemwege,StructureDefinition/ISiKBlutdruckSystemischArteriell,StructureDefinition/sd-mii-icu-monitoring-und-vitaldaten,StructureDefinition/sd-mii-icu-koerpertemperatur-achsel","hl7.fhir.r4.core"
http://hl7.org/fhir/ValueSet/questionnaire-answers,4.0.1,draft,"2.16.840.1.113883.4.642.3.446",QuestionnaireAnswerCodes,Questionnaire Answer Codes,"Example list of codes for answers to questions. (Not complete or necessarily appropriate.)","StructureDefinition/ISiKFormularDaten,StructureDefinition/ISiKFormularDefinition","SCT"
http://hl7.org/fhir/ValueSet/questionnaire-answers-status,4.0.1,draft,"required",QuestionnaireResponseStatus,QuestionnaireResponseStatus,"Lifecycle status of the questionnaire response.","StructureDefinition/ISiKFormularDaten","hl7.fhir.r4.core"
http://hl7.org/fhir/ValueSet/questionnaire-enable-behavior,4.0.1,draft,"2.16.840.1.113883.4.642.3.1007",EnableWhenBehavior,EnableWhenBehavior,"Controls how multiple enableWhen values are interpreted -  whether all or any must be true.","StructureDefinition/ISiKFormularDefinition","hl7.fhir.r4.core"
http://hl7.org/fhir/ValueSet/questionnaire-enable-operator,4.0.1,draft,"2.16.840.1.113883.4.642.3.1005",QuestionnaireItemOperator,QuestionnaireItemOperator,"The criteria by which a question is enabled.","StructureDefinition/ISiKFormularDefinition","hl7.fhir.r4.core"
http://hl7.org/fhir/ValueSet/questionnaire-questions,4.0.1,draft,"2.16.840.1.113883.4.642.3.443",QuestionnaireQuestionCodes,Questionnaire Question Codes,"Example list of codes for questions and groups of questions. (Not necessarily complete or appropriate.)","StructureDefinition/ISiKFormularDefinition","LOINC"
http://hl7.org/fhir/ValueSet/reaction-event-severity,4.0.1,draft,"2.16.840.1.113883.4.642.3.135",AllergyIntoleranceSeverity,AllergyIntoleranceSeverity,"Clinical assessment of the severity of a reaction event as a whole, potentially considering multiple different manifestations.","StructureDefinition/ISiKAllergieUnvertraeglichkeit","hl7.fhir.r4.core"
http://hl7.org/fhir/ValueSet/reason-medication-given-codes,4.0.1,draft,"2.16.840.1.113883.4.642.3.344",ReasonMedicationGivenCodes,Reason Medication Given Codes,"This value set is provided as an example. The value set to instantiate this attribute should be drawn from a robust terminology code system that consists of or contains concepts to support the medication process.","StructureDefinition/ISiKMedikationsVerabreichung","THO"
http://hl7.org/fhir/ValueSet/reason-medication-not-given-codes,4.0.1,draft,"2.16.840.1.113883.4.642.3.342",SNOMEDCTReasonMedicationNotGivenCodes,SNOMED CT Reason Medication Not Given Codes,"This value set includes all medication refused, medication not administered, and non-administration of necessary drug or medicine codes from SNOMED CT - provided as an exemplar value set.","StructureDefinition/ISiKMedikationsVerabreichung","SCT"
http://hl7.org/fhir/ValueSet/reason-medication-status-codes,4.0.1,draft,"2.16.840.1.113883.4.642.3.369",SNOMEDCTDrugTherapyStatusCodes,SNOMED CT Drug Therapy Status codes ,"This value set includes some taken and not taken reason codes from SNOMED CT - provided as an exemplar","StructureDefinition/ISiKMedikationsInformation","SCT"
http://hl7.org/fhir/ValueSet/referencerange-appliesto,4.0.1,draft,"2.16.840.1.113883.4.642.3.407",ObservationReferenceRangeAppliesToCodes,Observation Reference Range Applies To Codes,"This value set defines a set of codes that can be used to indicate the particular target population the reference range applies to.","StructureDefinition/ISiKKoerpergewicht,StructureDefinition/sd-mii-icu-linksventrikulaeres-schlagvolumenindex,StructureDefinition/sd-mii-icu-koerpertemperatur-harnblase,StructureDefinition/ISiKLaboruntersuchungHb,StructureDefinition/sd-mii-icu-koerpertemperatur-brust,StructureDefinition/ISiKRaucherStatus,StructureDefinition/sd-mii-icu-o2saettigung-im-blut-postduktal-durch-pulsoxymetrie,StructureDefinition/sd-mii-icu-koerpertemperatur-gelenk,StructureDefinition/sd-mii-icu-koerpertemperatur-trommelfell,StructureDefinition/ISiKLaboruntersuchungTSH,StructureDefinition/sd-mii-icu-koerpertemperatur-nasen-rachen-raum,StructureDefinition/ISiKLaboruntersuchungThrombozyten,StructureDefinition/sd-mii-icu-koerpertemperatur-vaginal,StructureDefinition/sd-mii-icu-o2saettigung-im-blut-preduktal-durch-pulsoxymetrie,StructureDefinition/sd-mii-icu-pulmonalarterieller-blutdruck,StructureDefinition/sd-mii-icu-ideales-koerpergewicht,StructureDefinition/sd-mii-icu-koerpertemperatur-lendenwirbelsaeule,StructureDefinition/sd-mii-icu-linksventrikulaeres-schlagvolumen,StructureDefinition/ISiKKoerpergroesse,StructureDefinition/sd-mii-icu-koerpertemperatur-brustwirbelsaeule,StructureDefinition/sd-mii-icu-linksatrialer-druck,StructureDefinition/sd-mii-icu-linksventri-herzindex-durch-indikatorverduennung,StructureDefinition/sd-mii-icu-zentralvenoeser-blutdruck,StructureDefinition/sd-mii-icu-herzzeitvolumen,StructureDefinition/ISiKGCS,StructureDefinition/sd-mii-icu-koerpertemperatur-halswirbelsaeule,StructureDefinition/ISiKLaboruntersuchungSerumkreatinin,StructureDefinition/ISiKLaboruntersuchung,StructureDefinition/sd-mii-icu-koerpertemperatur-blut,StructureDefinition/sd-mii-icu-linksventrikulaerer-druck,StructureDefinition/sd-mii-icu-intrakranieller-druck-icp,StructureDefinition/ISiKKoerpertemperatur,StructureDefinition/sd-mii-icu-pulmonalarterieller-wedge-druck,StructureDefinition/ISiKStillstatus,StructureDefinition/ISiKSchwangerschaftsstatus,StructureDefinition/sd-mii-icu-linksventri-schlagvolumen-durch-indikatorverduennung,StructureDefinition/sd-mii-icu-koerpertemperatur-leiste,StructureDefinition/sd-mii-icu-koerpertemperatur-generisch,StructureDefinition/ISiKLaboruntersuchungTroponin,StructureDefinition/sd-mii-icu-linksventri-schlagvolumenindex-durch-indikatorverd,StructureDefinition/sd-mii-icu-koerpertemperatur-speiseroehre,StructureDefinition/ISiKEKG,StructureDefinition/sd-mii-icu-systemischer-vaskulaerer-widerstandsindex,StructureDefinition/sd-mii-icu-koerpertemperatur-stirn,StructureDefinition/sd-mii-icu-koerpergroesse-percentil-altersabhaengig,StructureDefinition/ISiKHerzfrequenz,StructureDefinition/ISiKKoerperkerntemperatur,StructureDefinition/ISiKSauerstoffsaettigungArteriell,StructureDefinition/sd-mii-icu-koerpertemperatur-kern,StructureDefinition/ISiKAtemfrequenz,StructureDefinition/sd-mii-icu-sonstige-pulsatile-druecke-generisch,StructureDefinition/sd-mii-icu-linksventrikulaerer-herzindex,StructureDefinition/ISiKLebensZustand,StructureDefinition/sd-mii-icu-koerpertemperatur-unter-der-zunge,StructureDefinition/ISiKLaboruntersuchungGFR,StructureDefinition/sd-mii-icu-koerpertemperatur-rektal,StructureDefinition/sd-mii-icu-linksventri-herzzeitvolumen-durch-indikatorverd,StructureDefinition/sd-mii-icu-koerpertemperatur-myokard,StructureDefinition/ISiKSchwangerschaftErwarteterEntbindungstermin,StructureDefinition/sd-mii-icu-puls,StructureDefinition/ISiKKopfumfang,StructureDefinition/sd-mii-icu-koerpergewicht-percentil-altersabhaengig,StructureDefinition/ISiKAlkoholAbusus,StructureDefinition/sd-mii-icu-koerpertemperatur-nasal,StructureDefinition/sd-mii-icu-rechtsventrikulaerer-druck,StructureDefinition/ISiKLaboruntersuchungPCT,StructureDefinition/ISiKLaboruntersuchungCRP,StructureDefinition/sd-mii-icu-o2saettigung-im-arteriellen-blut-durch-pulsoxymetrie,StructureDefinition/sd-mii-icu-pulmonalvaskulaerer-widerstandsindex,StructureDefinition/sd-mii-icu-rechtsatrialer-druck,StructureDefinition/sd-mii-icu-koerpertemperatur-atemwege,StructureDefinition/ISiKBlutdruckSystemischArteriell,StructureDefinition/sd-mii-icu-monitoring-und-vitaldaten,StructureDefinition/sd-mii-icu-koerpertemperatur-achsel","SCT"
http://hl7.org/fhir/ValueSet/referencerange-meaning,4.0.1,draft,"2.16.840.1.113883.4.642.3.397",ObservationReferenceRangeMeaningCodes,Observation Reference Range Meaning Codes,"This value set defines a set of codes that can be used to indicate the meaning/use of a reference range for a particular target population.","StructureDefinition/ISiKKoerpergewicht,StructureDefinition/sd-mii-icu-linksventrikulaeres-schlagvolumenindex,StructureDefinition/sd-mii-icu-koerpertemperatur-harnblase,StructureDefinition/ISiKLaboruntersuchungHb,StructureDefinition/sd-mii-icu-koerpertemperatur-brust,StructureDefinition/ISiKRaucherStatus,StructureDefinition/sd-mii-icu-o2saettigung-im-blut-postduktal-durch-pulsoxymetrie,StructureDefinition/sd-mii-icu-koerpertemperatur-gelenk,StructureDefinition/sd-mii-icu-koerpertemperatur-trommelfell,StructureDefinition/ISiKLaboruntersuchungTSH,StructureDefinition/sd-mii-icu-koerpertemperatur-nasen-rachen-raum,StructureDefinition/ISiKLaboruntersuchungThrombozyten,StructureDefinition/sd-mii-icu-koerpertemperatur-vaginal,StructureDefinition/sd-mii-icu-o2saettigung-im-blut-preduktal-durch-pulsoxymetrie,StructureDefinition/sd-mii-icu-pulmonalarterieller-blutdruck,StructureDefinition/sd-mii-icu-ideales-koerpergewicht,StructureDefinition/sd-mii-icu-koerpertemperatur-lendenwirbelsaeule,StructureDefinition/sd-mii-icu-linksventrikulaeres-schlagvolumen,StructureDefinition/ISiKKoerpergroesse,StructureDefinition/sd-mii-icu-koerpertemperatur-brustwirbelsaeule,StructureDefinition/sd-mii-icu-linksatrialer-druck,StructureDefinition/sd-mii-icu-linksventri-herzindex-durch-indikatorverduennung,StructureDefinition/sd-mii-icu-zentralvenoeser-blutdruck,StructureDefinition/sd-mii-icu-herzzeitvolumen,StructureDefinition/ISiKGCS,StructureDefinition/sd-mii-icu-koerpertemperatur-halswirbelsaeule,StructureDefinition/ISiKLaboruntersuchungSerumkreatinin,StructureDefinition/ISiKLaboruntersuchung,StructureDefinition/sd-mii-icu-koerpertemperatur-blut,StructureDefinition/sd-mii-icu-linksventrikulaerer-druck,StructureDefinition/sd-mii-icu-intrakranieller-druck-icp,StructureDefinition/ISiKKoerpertemperatur,StructureDefinition/sd-mii-icu-pulmonalarterieller-wedge-druck,StructureDefinition/ISiKStillstatus,StructureDefinition/ISiKSchwangerschaftsstatus,StructureDefinition/sd-mii-icu-linksventri-schlagvolumen-durch-indikatorverduennung,StructureDefinition/sd-mii-icu-koerpertemperatur-leiste,StructureDefinition/sd-mii-icu-koerpertemperatur-generisch,StructureDefinition/ISiKLaboruntersuchungTroponin,StructureDefinition/sd-mii-icu-linksventri-schlagvolumenindex-durch-indikatorverd,StructureDefinition/sd-mii-icu-koerpertemperatur-speiseroehre,StructureDefinition/ISiKEKG,StructureDefinition/sd-mii-icu-systemischer-vaskulaerer-widerstandsindex,StructureDefinition/sd-mii-icu-koerpertemperatur-stirn,StructureDefinition/sd-mii-icu-koerpergroesse-percentil-altersabhaengig,StructureDefinition/ISiKHerzfrequenz,StructureDefinition/ISiKKoerperkerntemperatur,StructureDefinition/ISiKSauerstoffsaettigungArteriell,StructureDefinition/sd-mii-icu-koerpertemperatur-kern,StructureDefinition/ISiKAtemfrequenz,StructureDefinition/sd-mii-icu-sonstige-pulsatile-druecke-generisch,StructureDefinition/sd-mii-icu-linksventrikulaerer-herzindex,StructureDefinition/ISiKLebensZustand,StructureDefinition/sd-mii-icu-koerpertemperatur-unter-der-zunge,StructureDefinition/ISiKLaboruntersuchungGFR,StructureDefinition/sd-mii-icu-koerpertemperatur-rektal,StructureDefinition/sd-mii-icu-linksventri-herzzeitvolumen-durch-indikatorverd,StructureDefinition/sd-mii-icu-koerpertemperatur-myokard,StructureDefinition/ISiKSchwangerschaftErwarteterEntbindungstermin,StructureDefinition/sd-mii-icu-puls,StructureDefinition/ISiKKopfumfang,StructureDefinition/sd-mii-icu-koerpergewicht-percentil-altersabhaengig,StructureDefinition/ISiKAlkoholAbusus,StructureDefinition/sd-mii-icu-koerpertemperatur-nasal,StructureDefinition/sd-mii-icu-rechtsventrikulaerer-druck,StructureDefinition/ISiKLaboruntersuchungPCT,StructureDefinition/ISiKLaboruntersuchungCRP,StructureDefinition/sd-mii-icu-o2saettigung-im-arteriellen-blut-durch-pulsoxymetrie,StructureDefinition/sd-mii-icu-pulmonalvaskulaerer-widerstandsindex,StructureDefinition/sd-mii-icu-rechtsatrialer-druck,StructureDefinition/sd-mii-icu-koerpertemperatur-atemwege,StructureDefinition/ISiKBlutdruckSystemischArteriell,StructureDefinition/sd-mii-icu-monitoring-und-vitaldaten,StructureDefinition/sd-mii-icu-koerpertemperatur-achsel","THO"
http://hl7.org/fhir/ValueSet/relatedperson-relationshiptype,4.0.1,draft,"2.16.840.1.113883.4.642.3.449",PatientRelationshipType,Patient relationship type,"A set of codes that can be used to indicate the relationship between a Patient and a Related Person.","StructureDefinition/ISiKAngehoeriger","THO (V3),THO (V2)"
http://hl7.org/fhir/ValueSet/request-priority,4.0.1,draft,"2.16.840.1.113883.4.642.3.115",RequestPriority,Request priority,"The clinical priority of a diagnostic order.","StructureDefinition/ISiKMedikationsVerordnung","hl7.fhir.r4.core"
http://hl7.org/fhir/ValueSet/resource-types,4.0.1,active,"2.16.840.1.113883.4.642.3.27",ResourceType,ResourceType,"One of the resource types defined as part of this version of FHIR.","StructureDefinition/ISiKKoerpergewicht,StructureDefinition/ISiKMedikationsVerordnung,StructureDefinition/sd-mii-icu-koerpertemperatur-harnblase,StructureDefinition/ISiKKalender,StructureDefinition/ISiKLaboruntersuchungHb,StructureDefinition/ISiKValueSet,StructureDefinition/ExtensionISiKMedicationRequestReplaces,StructureDefinition/ISiKRaucherStatus,StructureDefinition/sd-mii-icu-koerpertemperatur-trommelfell,StructureDefinition/ISiKLaboruntersuchungTSH,StructureDefinition/ISiKLaboruntersuchungThrombozyten,StructureDefinition/sd-mii-icu-koerpertemperatur-vaginal,StructureDefinition/ISiKVersicherungsverhaeltnisSonstige,StructureDefinition/ISiKKoerpergroesse,StructureDefinition/ISiKMedikationsListe,StructureDefinition/ISiKTerminKontaktMitGesundheitseinrichtung,StructureDefinition/ISiKVersicherungsverhaeltnisGesetzlich,StructureDefinition/ISiKDiagnose,StructureDefinition/ISiKGCS,StructureDefinition/ISiKLaboruntersuchungSerumkreatinin,StructureDefinition/ISiKLaboruntersuchung,StructureDefinition/ISiKMedikationsVerabreichung,StructureDefinition/sd-mii-icu-koerpertemperatur-blut,StructureDefinition/ISiKAbrechnungsfall,StructureDefinition/ExtensionISiKMedicationStatementReplaces,StructureDefinition/ISiKKoerpertemperatur,StructureDefinition/ISiKAllergieUnvertraeglichkeit,StructureDefinition/ISiKFormularDaten,StructureDefinition/ISiKStillstatus,StructureDefinition/ISiKSchwangerschaftsstatus,StructureDefinition/ISiKKontaktGesundheitseinrichtung,StructureDefinition/ISiKVersicherungsverhaeltnisSelbstzahler,StructureDefinition/ISiKProzedur,StructureDefinition/ISiKMedikament,StructureDefinition/ISiKAngehoeriger,StructureDefinition/sd-mii-icu-koerpertemperatur-leiste,StructureDefinition/ISiKLaboruntersuchungTroponin,StructureDefinition/ISiKDokumentenMetadaten,StructureDefinition/sd-mii-icu-koerpertemperatur-speiseroehre,StructureDefinition/ISiKEKG,StructureDefinition/ISiKMedikationsInformation,StructureDefinition/ISiKHerzfrequenz,StructureDefinition/ISiKKoerperkerntemperatur,StructureDefinition/ISiKSauerstoffsaettigungArteriell,StructureDefinition/sd-mii-icu-koerpertemperatur-kern,StructureDefinition/ISiKAtemfrequenz,StructureDefinition/ISiKTermin,StructureDefinition/ISiKLebensZustand,StructureDefinition/ISiKBerichtSubSysteme,StructureDefinition/sd-mii-icu-koerpertemperatur-unter-der-zunge,StructureDefinition/ISiKLaboruntersuchungGFR,StructureDefinition/sd-mii-icu-koerpertemperatur-rektal,StructureDefinition/ISiKTerminblock,StructureDefinition/ISiKPatient,StructureDefinition/ISiKPersonImGesundheitsberuf,StructureDefinition/ISiKSchwangerschaftErwarteterEntbindungstermin,StructureDefinition/ISiKAMTSBewertung,StructureDefinition/ISiKKopfumfang,StructureDefinition/ISiKAlkoholAbusus,StructureDefinition/ISiKLaboruntersuchungPCT,StructureDefinition/ISiKLaboruntersuchungCRP,StructureDefinition/ISiKFormularDefinition,StructureDefinition/ISiKBlutdruckSystemischArteriell,StructureDefinition/sd-mii-icu-koerpertemperatur-achsel","hl7.fhir.r4.core"
http://hl7.org/fhir/ValueSet/risk-probability,4.0.1,draft,"2.16.840.1.113883.4.642.3.450",RiskProbability,Risk Probability,"Codes representing the likelihood of a particular outcome in a risk assessment.","StructureDefinition/ISiKAMTSBewertung","THO"
http://hl7.org/fhir/ValueSet/route-codes,4.0.1,draft,"2.16.840.1.113883.4.642.3.98",SNOMEDCTRouteCodes,SNOMED CT Route Codes,"This value set includes all Route codes from SNOMED CT - provided as an exemplar.","StructureDefinition/ISiKAllergieUnvertraeglichkeit,StructureDefinition/ISiKMedikationsVerordnung,StructureDefinition/ISiKMedikationsVerabreichung,StructureDefinition/ISiKMedikationsInformation","SCT"
http://hl7.org/fhir/ValueSet/search-entry-mode,4.0.1,active,"2.16.840.1.113883.4.642.3.622",SearchEntryMode,SearchEntryMode,"Why an entry is in the result set - whether it's included as a match or because of an _include requirement, or to convey information or warning information about the search process.","StructureDefinition/ISiKMedikationTransactionResponse,StructureDefinition/ISiKMedikationTransaction,StructureDefinition/ISiKSubscriptionNotification,StructureDefinition/BackportSubscriptionNotificationR4Fixed,StructureDefinition/ISiKBerichtBundle,StructureDefinition/ISiKDokumentenSuchergebnisse","hl7.fhir.r4.core"
http://hl7.org/fhir/ValueSet/security-labels,4.0.1,active,"2.16.840.1.113883.4.642.3.47",All Security Labels,SecurityLabels,"A single value set for all security labels defined by FHIR.","StructureDefinition/ISiKMedikationTransaction,StructureDefinition/ISiKStandortRaum,StructureDefinition/sd-mii-icu-koerpertemperatur-brust,StructureDefinition/ISiKRaucherStatus,StructureDefinition/sd-mii-icu-o2saettigung-im-blut-postduktal-durch-pulsoxymetrie,StructureDefinition/sd-mii-icu-koerpertemperatur-trommelfell,StructureDefinition/ISiKLaboruntersuchungThrombozyten,StructureDefinition/sd-mii-icu-o2saettigung-im-blut-preduktal-durch-pulsoxymetrie,StructureDefinition/sd-mii-icu-ideales-koerpergewicht,StructureDefinition/sd-mii-icu-linksventrikulaeres-schlagvolumen,StructureDefinition/sd-mii-icu-linksatrialer-druck,StructureDefinition/sd-mii-icu-linksventri-herzindex-durch-indikatorverduennung,StructureDefinition/ISiKBerichtBundle,StructureDefinition/ISiKDiagnose,StructureDefinition/sd-mii-icu-koerpertemperatur-halswirbelsaeule,StructureDefinition/ISiKGCS,StructureDefinition/ISiKMedikationsVerabreichung,StructureDefinition/sd-mii-icu-linksventrikulaerer-druck,StructureDefinition/sd-mii-icu-intrakranieller-druck-icp,StructureDefinition/ISiKKoerpertemperatur,StructureDefinition/ISiKAllergieUnvertraeglichkeit,StructureDefinition/BackportSubscriptionStatusR4Fixed,StructureDefinition/ISiKSchwangerschaftsstatus,StructureDefinition/ISiKKontaktGesundheitseinrichtung,StructureDefinition/sd-mii-icu-linksventri-schlagvolumen-durch-indikatorverduennung,StructureDefinition/ISiKSubscriptionStatus,StructureDefinition/ISiKMedikament,StructureDefinition/sd-mii-icu-koerpertemperatur-leiste,StructureDefinition/sd-mii-icu-koerpertemperatur-generisch,StructureDefinition/ISiKLaboruntersuchungTroponin,StructureDefinition/ISiKDokumentenMetadaten,StructureDefinition/ISiKSubscription,StructureDefinition/sd-mii-icu-linksventri-schlagvolumenindex-durch-indikatorverd,StructureDefinition/ISiKStandortBettenstellplatz,StructureDefinition/sd-mii-icu-systemischer-vaskulaerer-widerstandsindex,StructureDefinition/ISiKMedikationsInformation,StructureDefinition/sd-mii-icu-koerpergroesse-percentil-altersabhaengig,StructureDefinition/ISiKMedikationTransactionResponse,StructureDefinition/ISiKKoerperkerntemperatur,StructureDefinition/ISiKHerzfrequenz,StructureDefinition/ISiKSauerstoffsaettigungArteriell,StructureDefinition/ISiKTermin,StructureDefinition/sd-mii-icu-linksventrikulaerer-herzindex,StructureDefinition/ISiKLebensZustand,StructureDefinition/ISiKBerichtSubSysteme,StructureDefinition/sd-mii-icu-koerpertemperatur-unter-der-zunge,StructureDefinition/sd-mii-icu-koerpertemperatur-rektal,StructureDefinition/ISiKTerminblock,StructureDefinition/sd-mii-icu-linksventri-herzzeitvolumen-durch-indikatorverd,StructureDefinition/sd-mii-icu-koerpertemperatur-myokard,StructureDefinition/ISiKAMTSBewertung,StructureDefinition/ISiKSchwangerschaftErwarteterEntbindungstermin,StructureDefinition/sd-mii-icu-koerpertemperatur-nasal,StructureDefinition/ISiKLaboruntersuchungPCT,StructureDefinition/ISiKLaboruntersuchungCRP,StructureDefinition/ISiKMedizinischeBehandlungseinheit,StructureDefinition/sd-mii-icu-o2saettigung-im-arteriellen-blut-durch-pulsoxymetrie,StructureDefinition/sd-mii-icu-pulmonalvaskulaerer-widerstandsindex,StructureDefinition/sd-mii-icu-rechtsatrialer-druck,StructureDefinition/sd-mii-icu-koerpertemperatur-atemwege,StructureDefinition/ISiKBlutdruckSystemischArteriell,StructureDefinition/sd-mii-icu-monitoring-und-vitaldaten,StructureDefinition/sd-mii-icu-koerpertemperatur-achsel,StructureDefinition/ISiKKoerpergewicht,StructureDefinition/ISiKMedikationsVerordnung,StructureDefinition/sd-mii-icu-linksventrikulaeres-schlagvolumenindex,StructureDefinition/sd-mii-icu-koerpertemperatur-harnblase,StructureDefinition/ISiKKalender,StructureDefinition/ISiKLaboruntersuchungHb,StructureDefinition/ISiKValueSet,StructureDefinition/ISiKDokumentenSuchergebnisse,StructureDefinition/ISiKOrganisationFachabteilung,StructureDefinition/ISiKBinary,StructureDefinition/sd-mii-icu-koerpertemperatur-gelenk,StructureDefinition/sd-mii-icu-koerpertemperatur-nasen-rachen-raum,StructureDefinition/ISiKLaboruntersuchungTSH,StructureDefinition/sd-mii-icu-koerpertemperatur-vaginal,StructureDefinition/sd-mii-icu-pulmonalarterieller-blutdruck,StructureDefinition/sd-mii-icu-koerpertemperatur-lendenwirbelsaeule,StructureDefinition/ISiKStandort,StructureDefinition/ISiKKoerpergroesse,StructureDefinition/sd-mii-icu-koerpertemperatur-brustwirbelsaeule,StructureDefinition/ISiKMedikationsListe,StructureDefinition/ISiKTerminKontaktMitGesundheitseinrichtung,StructureDefinition/ISiKCodeSystem,StructureDefinition/sd-mii-icu-zentralvenoeser-blutdruck,StructureDefinition/sd-mii-icu-herzzeitvolumen,StructureDefinition/ISiKLaboruntersuchung,StructureDefinition/ISiKLaboruntersuchungSerumkreatinin,StructureDefinition/sd-mii-icu-koerpertemperatur-blut,StructureDefinition/ISiKAbrechnungsfall,StructureDefinition/BackportSubscriptionNotificationR4Fixed,StructureDefinition/ISiKFormularDaten,StructureDefinition/sd-mii-icu-pulmonalarterieller-wedge-druck,StructureDefinition/ISiKStillstatus,StructureDefinition/ISiKSubscriptionNotification,StructureDefinition/ISiKProzedur,StructureDefinition/ISiKAngehoeriger,StructureDefinition/sd-mii-icu-koerpertemperatur-speiseroehre,StructureDefinition/ISiKEKG,StructureDefinition/sd-mii-icu-koerpertemperatur-stirn,StructureDefinition/sd-mii-icu-koerpertemperatur-kern,StructureDefinition/ISiKAtemfrequenz,StructureDefinition/sd-mii-icu-sonstige-pulsatile-druecke-generisch,StructureDefinition/ISiKLaboruntersuchungGFR,StructureDefinition/ISiKPatient,StructureDefinition/ISiKPersonImGesundheitsberuf,StructureDefinition/sd-mii-icu-puls,StructureDefinition/ISiKKopfumfang,StructureDefinition/sd-mii-icu-koerpergewicht-percentil-altersabhaengig,StructureDefinition/ISiKAlkoholAbusus,StructureDefinition/sd-mii-icu-rechtsventrikulaerer-druck,StructureDefinition/ISiKFormularDefinition",
http://hl7.org/fhir/ValueSet/service-category,4.0.1,draft,"2.16.840.1.113883.4.642.3.516",ServiceCategory,Service category,"This value set defines an example set of codes that can be used to classify groupings of service-types/specialties.","StructureDefinition/ISiKTermin,StructureDefinition/ISiKMedizinischeBehandlungseinheit,StructureDefinition/ISiKKalender,StructureDefinition/ISiKTerminblock","THO"
http://hl7.org/fhir/ValueSet/service-provision-conditions,4.0.1,draft,"2.16.840.1.113883.4.642.3.514",ServiceProvisionConditions,ServiceProvisionConditions,"The code(s) that detail the conditions under which the healthcare service is available/offered.","StructureDefinition/ISiKMedizinischeBehandlungseinheit","THO"
http://hl7.org/fhir/ValueSet/service-referral-method,4.0.1,draft,"2.16.840.1.113883.4.642.3.510",ReferralMethod,ReferralMethod,"The methods of referral can be used when referring to a specific HealthCareService resource.","StructureDefinition/ISiKMedizinischeBehandlungseinheit","THO"
http://hl7.org/fhir/ValueSet/service-type,4.0.1,draft,"2.16.840.1.113883.4.642.3.518",ServiceType,Service type,"This value set defines an example set of codes of service-types.","StructureDefinition/ISiKTermin,StructureDefinition/ISiKMedizinischeBehandlungseinheit,StructureDefinition/ISiKKalender,StructureDefinition/ISiKKontaktGesundheitseinrichtung,StructureDefinition/ISiKTerminblock,StructureDefinition/ISiKTerminKontaktMitGesundheitseinrichtung","THO"
http://hl7.org/fhir/ValueSet/slotstatus,4.0.1,draft,"2.16.840.1.113883.4.642.3.482",SlotStatus,SlotStatus,"The free/busy status of the slot.","StructureDefinition/ISiKTerminblock","hl7.fhir.r4.core"
http://hl7.org/fhir/ValueSet/subscriber-relationship,4.0.1,draft,"2.16.840.1.113883.4.642.3.1385",SubscriberRelationshipCodes,SubscriberPolicyholder Relationship Codes,"This value set includes codes for the relationship between the Subscriber and the Beneficiary (insured/covered party/patient).","StructureDefinition/ISiKVersicherungsverhaeltnisSonstige,StructureDefinition/ISiKVersicherungsverhaeltnisSelbstzahler,StructureDefinition/ISiKVersicherungsverhaeltnisGesetzlich","THO"
http://hl7.org/fhir/ValueSet/subscription-channel-type,4.0.1,draft,"2.16.840.1.113883.4.642.3.500",SubscriptionChannelType,SubscriptionChannelType,"The type of method used to execute a subscription.","StructureDefinition/ISiKSubscription","hl7.fhir.r4.core"
http://hl7.org/fhir/ValueSet/subscription-notification-type,0.1.0,active,"2.16.840.1.113883.4.642.3.1523",SubscriptionNotificationTypeVS,SubscriptionNotificationType,"The type of notification represented by the status message.","StructureDefinition/BackportSubscriptionStatusR4Fixed,StructureDefinition/ISiKSubscriptionStatus","Internal"
http://hl7.org/fhir/ValueSet/subscription-status,4.0.1,draft,"2.16.840.1.113883.4.642.3.502",SubscriptionStatus,SubscriptionStatus,"The status of a subscription.","StructureDefinition/BackportSubscriptionStatusR4Fixed,StructureDefinition/ISiKSubscription,StructureDefinition/ISiKSubscriptionStatus","hl7.fhir.r4.core"
http://hl7.org/fhir/ValueSet/substance-code,4.0.1,draft,"2.16.840.1.113883.4.642.3.473",SubstanceCode,Substance Code,"This value set contains concept codes for specific substances. It includes codes from [SNOMED](http://snomed.info/sct) where concept is-a 105590001 (Substance (substance)) and where concept is-a 373873005 (Pharmaceutical / biologic product (product))","StructureDefinition/ISiKAllergieUnvertraeglichkeit","SCT"
http://hl7.org/fhir/ValueSet/timing-abbreviation,4.0.1,draft,"2.16.840.1.113883.4.642.3.78",TimingAbbreviation,TimingAbbreviation,"Code for a known / defined timing pattern.","StructureDefinition/ISiKMedikationsVerordnung,StructureDefinition/ISiKMedikationsInformation","THO (V3)"
http://hl7.org/fhir/ValueSet/units-of-time,4.0.1,active,"2.16.840.1.113883.4.642.3.77",UnitsOfTime,UnitsOfTime,"A unit of time (units from UCUM).","StructureDefinition/ISiKMedikationsVerordnung,StructureDefinition/ISiKMedikationsInformation","UCUM"
http://hl7.org/fhir/ValueSet/usage-context-type,4.0.1,draft,"2.16.840.1.113883.4.642.3.101",UsageContextType,UsageContextType,"A code that specifies a type of context being specified by a usage context.","StructureDefinition/ISiKValueSet","THO"
http://hl7.org/fhir/uv/ips/ValueSet/medicine-doseform,1.1.0,active,,MedicineDoseFormUvIps,Medicine Doseform - IPS,"EDQM (European Directorate for the Quality of Medicines and Healthcare) Dose Form codes.  This Value Set includes all the EDQM Standard Terms having:   [Concept Status] = ‘Current’ AND   [Concept Class] IN (‘PDF’, ‘CMT’, ‘CDF’, ‘PFT') AND   [Domain] = 'Human and Veterinary'    PDF = 'Pharmaceutical dose form'; CMT = 'Combined terms'; CDF = 'Combined pharmaceutical dose form'; PFT = 'Patient Friendly'","StructureDefinition/ISiKMedikament","Other"
http://hl7.org/fhir/uv/ips/ValueSet/medicine-route-of-administration,1.1.0,active,,MedicineRouteOfAdministrationUvIps,Medicine Route of Administration - IPS,"EDQM (European Directorate for the Quality of Medicines and Healthcare) Route of Administration codes.  This Value Set includes all the EDQM Standard Terms having:   [Concept Status] = ‘Current’ AND   [Concept Class] = 'ROA' AND   [Domain] = 'Human and Veterinary'    ROA = 'Route of administration'","StructureDefinition/ISiKMedikationsVerordnung,StructureDefinition/ISiKMedikationsVerabreichung,StructureDefinition/ISiKMedikationsInformation","Other"
http://ig.fhir.de/igs/medication/ValueSet/DosageDoseQuantityDE,1.0.1,active,,DosageDoseQuantityDEVS,Dosage DoseQuantity ValueSet,"Diese ValueSet enthält Konzepte für die Dosierungseinheit in der Dosiermenge.","StructureDefinition/ISiKMedikationsVerordnung,StructureDefinition/ISiKMedikationsInformation","UCUM,Other"
http://ihe-d.de/ValueSets/IHEXDSclassCode,2021-06-25T13:44:47,active,"1.2.276.0.76.11.32",IHEXDSclassCode,IHE XDS classCode,"**classCode (XDSDocumentEntry)**   A high-level classification of XDS Documents that indicates the kind of document, e.g., report, summary, note, consent.","StructureDefinition/ISiKDokumentenMetadaten","de.ihe-d.terminology,LOINC"
http://ihe-d.de/ValueSets/IHEXDSeventCodeList,2021-07-06T21:19:41,active,"1.2.276.0.76.11.34",IHEXDSeventCodeList,IHE XDS eventCodeList,"**eventCodeList (XDSDocumentEntry)**  This list of codes represents the main clinical acts being documented in an XDS Document.","StructureDefinition/ISiKDokumentenMetadaten","ihe.formatcode.fhir,de.ihe-d.terminology"
http://ihe-d.de/ValueSets/IHEXDSformatCodeDE,2018-12-14T17:07:12,active,"1.2.276.0.76.11.35",IHEXDSformatCodeDE,IHE XDS formatCode,"**formatCode (XDSDocumentEntry)**  Globally unique code specifying the format of an XDS Document. Along with the typeCode, it should provide sufficient information to allow a potential consumer to know if it will be able to process the document.","StructureDefinition/ISiKDokumentenMetadaten","de.ihe-d.terminology"
http://ihe-d.de/ValueSets/IHEXDShealthcareFacilityTypeCode,2021-07-06T21:23:52,active,"1.2.276.0.76.11.36",IHEXDShealthcareFacilityTypeCode,IHE XDS healthcareFacilityTypeCode,"**healthcareFacilityTypeCode (XDSDocumentEntry)**  This code for an XDS Document represents the type of organizational setting of the clinical encounter during which the documented act occurred.","StructureDefinition/ISiKDokumentenMetadaten,StructureDefinition/ISiKOrganisation",
http://ihe-d.de/ValueSets/IHEXDSpracticeSettingCode,2019-05-17T13:46:31,active,"1.2.276.0.76.11.37",IHEXDSpracticeSettingCode,IHE XDS practiceSettingCode,"**practiceSettingCode (XDSDocumentEntry)**  The code for an XDS Document that specifies the clinical specialty where the act that resulted in the document was performed (e.g., Family Practice, Laboratory, Radiology).","StructureDefinition/ISiKTermin,StructureDefinition/ISiKDokumentenMetadaten,StructureDefinition/ISiKMedizinischeBehandlungseinheit,StructureDefinition/ISiKKalender,StructureDefinition/ISiKOrganisationFachabteilung",
http://ihe-d.de/ValueSets/IHEXDStypeCode,2020-02-07T07:55:58,active,"1.2.276.0.76.11.38",IHEXDStypeCode,IHE XDS typeCode,"**typeCode (XDSDocumentEntry)**  A low-level classification of XDS Documents within a classCode that describes class, event, specialty, and setting.","StructureDefinition/ISiKDokumentenMetadaten","de.ihe-d.terminology,LOINC"
http://terminology.hl7.org/ValueSet/conformance-expectation,1.0.0,draft,"2.16.840.1.113883.4.642.3.919",ConformanceExpectation,ConformanceExpectation,"Indicates the degree of adherence to a specified behavior or capability expected for a system to be deemed conformant with a specification.","StructureDefinition/ExtensionISiKCapabilityStatementImportsExpectation","THO"
http://terminology.hl7.org/ValueSet/v2-0092,2.0.0,active,"2.16.840.1.113883.21.40",Hl7VSReAdmissionIndicator,hl7VS-re-admissionIndicator,"Value Set of codes which are used to specify that a patient is being re-admitted to a healthcare facility from which they were discharged, and indicates the circumstances around such re-admission.","StructureDefinition/ISiKKontaktGesundheitseinrichtung,StructureDefinition/ISiKTerminKontaktMitGesundheitseinrichtung","THO (V2)"
http://terminology.hl7.org/ValueSet/v2-0116,2.0.0,active,"2.16.840.1.113883.21.51",Hl7VSBedStatus,hl7VS-bedStatus,"Value Set of codes that specify the state of a bed in an inpatient setting, and is used to determine if a patient may be assigned to it or not.","StructureDefinition/ISiKStandortRaum,StructureDefinition/ISiKStandort,StructureDefinition/ISiKStandortBettenstellplatz","THO (V2)"
http://terminology.hl7.org/ValueSet/v2-0276,2.0.0,active,"2.16.840.1.113883.21.181",Hl7VSAppointmentReasonCodes,hl7VS-appointmentReasonCodes,"Value Set of codes that describe the kind of appointment or the reason why an appointment has been scheduled.","StructureDefinition/ISiKTermin,StructureDefinition/ISiKTerminblock","THO (V2)"
http://terminology.hl7.org/ValueSet/v2-2.7-0360,0360,active,,v2.0360.2.7,v2 table 0360, Version 2.7,"FHIR Value set/code system definition for HL7 v2 table 0360 ver 2.9 ( Degree/License/Certificate)","StructureDefinition/ISiKPersonImGesundheitsberuf","THO (V2)"
http://terminology.hl7.org/ValueSet/v3-ActCode,3.0.0,active,,ActCode,v3 Code System ActCode,"A code specifying the particular kind of Act that the Act-instance represents within its class.  Constraints:  The kind of Act (e.g. physical examination, serum potassium, inpatient encounter, charge financial transaction, etc.) is specified with a code from one of several, typically external, coding systems.  The coding system will depend on the class of Act, such as LOINC for observations, etc. Conceptually, the Act.code must be a specialization of the Act.classCode. This is why the structure of ActClass domain should be reflected in the superstructure of the ActCode domain and then individual codes or externally referenced vocabularies subordinated under these domains that reflect the ActClass structure. Act.classCode and Act.code are not modifiers of each other but the Act.code concept should really imply the Act.classCode concept. For a negative example, it is not appropriate to use an Act.code ""potassium"" together with and Act.classCode for ""laboratory observation"" to somehow mean ""potassium laboratory observation"" and then use the same Act.code for ""potassium"" together with Act.classCode for ""medication"" to mean ""substitution of potassium"". This mutually modifying use of Act.code and Act.classCode is not permitted.","StructureDefinition/ISiKBerichtSubSysteme","THO (V3)"
http://terminology.hl7.org/ValueSet/v3-ActEncounterCode,3.0.0,active,"2.16.840.1.113883.1.11.13955",ActEncounterCode,ActEncounterCode,"Domain provides codes that qualify the ActEncounterClass (ENC)","StructureDefinition/ISiKKontaktGesundheitseinrichtung,StructureDefinition/ISiKTerminKontaktMitGesundheitseinrichtung","THO (V3)"
http://terminology.hl7.org/ValueSet/v3-ActPriority,3.0.0,active,"2.16.840.1.113883.1.11.16866",ActPriority,ActPriority,"A code or set of codes (e.g., for routine, emergency,) specifying the urgency under which the Act happened, can happen, is happening, is intended to happen, or is requested/demanded to happen.    *Discussion:* This attribute is used in orders to indicate the ordered priority, and in event documentation it indicates the actual priority used to perform the act. In definition mood it indicates the available priorities.","StructureDefinition/ISiKKontaktGesundheitseinrichtung,StructureDefinition/ISiKTerminKontaktMitGesundheitseinrichtung","THO (V3)"
http://terminology.hl7.org/ValueSet/v3-ActSubstanceAdminSubstitutionCode,3.0.0,active,"2.16.840.1.113883.1.11.16621",ActSubstanceAdminSubstitutionCode,ActSubstanceAdminSubstitutionCode,"***No description***","StructureDefinition/ISiKMedikationsVerordnung","THO (V3)"
http://terminology.hl7.org/ValueSet/v3-ConfidentialityClassification,2014-03-26,active,"2.16.840.1.113883.1.11.10228",v3.ConfidentialityClassification,V3 Value SetConfidentialityClassification," Set of codes used to value Act.Confidentiality and Role.Confidentiality attribute in accordance with the definition for concept domain ""Confidentiality"".","StructureDefinition/ISiKBerichtSubSysteme","THO (V3)"
http://terminology.hl7.org/ValueSet/v3-ServiceDeliveryLocationRoleType,3.0.0,active,"2.16.840.1.113883.1.11.17660",ServiceDeliveryLocationRoleType,ServiceDeliveryLocationRoleType,"A role of a place that further classifies the setting (e.g., accident site, road side, work site, community location) in which services are delivered.","StructureDefinition/ISiKStandortRaum,StructureDefinition/ISiKStandort,StructureDefinition/ISiKStandortBettenstellplatz","THO (V3)"
http://terminology.hl7.org/ValueSet/v3-SubstanceAdminSubstitutionReason,3.0.0,active,"2.16.840.1.113883.1.11.19377",SubstanceAdminSubstitutionReason,SubstanceAdminSubstitutionReason,"***No description***","StructureDefinition/ISiKMedikationsVerordnung","THO (V3)"
http://terminology.hl7.org/ValueSet/yes-no-unknown-not-asked,1.0.0,active,,YesNoUnknownNotAsked,Yes No Unknown NotAsked,"This value set contains 4 concepts commonly used as answers to items in a questionnaire.","StructureDefinition/ISiKAlkoholAbusus","THO (V2)"
https://gematik.de/fhir/terminology/ValueSet/ti-medication-snomed-ct-vs,1.0.5-3,active,,TIMedicationSNOMEDCTVS,TI Arzneimittel SNOMED CT ValueSet,"Dieses Valueset enthält die Codes für die Abbilung von Arzneimitteln in SNOMED CT.","StructureDefinition/ISiKMedikament","SCT"
